id,original_category,original_disposition,coverage_status,instance_seed_coverage,seed_ref,dependencies,missing_scope_or_fact,resolution_alternatives,recoverability
DIR-ORIGINAL-001,original_directory_failure,UNRESOLVED,UNRESOLVED,ORIGINAL_IDENTITIES_NOT_RECORDED,,DEP-01,Original identities/scope associations of ten count-only directory-error rows.,Custodian/evidence-backed exhaustive seed manifest OR a proved usable finite superset for the required historical scope; original identities only if using identity-based recovery.,NOT_RECORDED_IN_ORIGINAL_AUDIT; external copies UNKNOWN; equivalent covering evidence remains possible.
DIR-ORIGINAL-002,original_directory_failure,UNRESOLVED,UNRESOLVED,ORIGINAL_IDENTITIES_NOT_RECORDED,,DEP-01,Original identities/scope associations of ten count-only directory-error rows.,Custodian/evidence-backed exhaustive seed manifest OR a proved usable finite superset for the required historical scope; original identities only if using identity-based recovery.,NOT_RECORDED_IN_ORIGINAL_AUDIT; external copies UNKNOWN; equivalent covering evidence remains possible.
DIR-ORIGINAL-003,original_directory_failure,UNRESOLVED,UNRESOLVED,ORIGINAL_IDENTITIES_NOT_RECORDED,,DEP-01,Original identities/scope associations of ten count-only directory-error rows.,Custodian/evidence-backed exhaustive seed manifest OR a proved usable finite superset for the required historical scope; original identities only if using identity-based recovery.,NOT_RECORDED_IN_ORIGINAL_AUDIT; external copies UNKNOWN; equivalent covering evidence remains possible.
DIR-ORIGINAL-004,original_directory_failure,UNRESOLVED,UNRESOLVED,ORIGINAL_IDENTITIES_NOT_RECORDED,,DEP-01,Original identities/scope associations of ten count-only directory-error rows.,Custodian/evidence-backed exhaustive seed manifest OR a proved usable finite superset for the required historical scope; original identities only if using identity-based recovery.,NOT_RECORDED_IN_ORIGINAL_AUDIT; external copies UNKNOWN; equivalent covering evidence remains possible.
DIR-ORIGINAL-005,original_directory_failure,UNRESOLVED,UNRESOLVED,ORIGINAL_IDENTITIES_NOT_RECORDED,,DEP-01,Original identities/scope associations of ten count-only directory-error rows.,Custodian/evidence-backed exhaustive seed manifest OR a proved usable finite superset for the required historical scope; original identities only if using identity-based recovery.,NOT_RECORDED_IN_ORIGINAL_AUDIT; external copies UNKNOWN; equivalent covering evidence remains possible.
DIR-ORIGINAL-006,original_directory_failure,UNRESOLVED,UNRESOLVED,ORIGINAL_IDENTITIES_NOT_RECORDED,,DEP-01,Original identities/scope associations of ten count-only directory-error rows.,Custodian/evidence-backed exhaustive seed manifest OR a proved usable finite superset for the required historical scope; original identities only if using identity-based recovery.,NOT_RECORDED_IN_ORIGINAL_AUDIT; external copies UNKNOWN; equivalent covering evidence remains possible.
DIR-ORIGINAL-007,original_directory_failure,UNRESOLVED,UNRESOLVED,ORIGINAL_IDENTITIES_NOT_RECORDED,,DEP-01,Original identities/scope associations of ten count-only directory-error rows.,Custodian/evidence-backed exhaustive seed manifest OR a proved usable finite superset for the required historical scope; original identities only if using identity-based recovery.,NOT_RECORDED_IN_ORIGINAL_AUDIT; external copies UNKNOWN; equivalent covering evidence remains possible.
DIR-ORIGINAL-008,original_directory_failure,UNRESOLVED,UNRESOLVED,ORIGINAL_IDENTITIES_NOT_RECORDED,,DEP-01,Original identities/scope associations of ten count-only directory-error rows.,Custodian/evidence-backed exhaustive seed manifest OR a proved usable finite superset for the required historical scope; original identities only if using identity-based recovery.,NOT_RECORDED_IN_ORIGINAL_AUDIT; external copies UNKNOWN; equivalent covering evidence remains possible.
DIR-ORIGINAL-009,original_directory_failure,UNRESOLVED,UNRESOLVED,ORIGINAL_IDENTITIES_NOT_RECORDED,,DEP-01,Original identities/scope associations of ten count-only directory-error rows.,Custodian/evidence-backed exhaustive seed manifest OR a proved usable finite superset for the required historical scope; original identities only if using identity-based recovery.,NOT_RECORDED_IN_ORIGINAL_AUDIT; external copies UNKNOWN; equivalent covering evidence remains possible.
DIR-ORIGINAL-010,original_directory_failure,UNRESOLVED,UNRESOLVED,ORIGINAL_IDENTITIES_NOT_RECORDED,,DEP-01,Original identities/scope associations of ten count-only directory-error rows.,Custodian/evidence-backed exhaustive seed manifest OR a proved usable finite superset for the required historical scope; original identities only if using identity-based recovery.,NOT_RECORDED_IN_ORIGINAL_AUDIT; external copies UNKNOWN; equivalent covering evidence remains possible.
REC-001,unreadable_record,UNRESOLVED,UNRESOLVED,SYNTHETIC_ARTIFACT_CLASSIFICATION_IS_NOT_TEST_HISTORY_CLOSURE,,DEP-03 | DEP-04 | DEP-05,Malformed payload identity/producer evidence retained; containing-test match history remains separate and unexhausted. Individual source hashes/JUnit nodes are not universal prerequisites.,Custodian/evidence-backed exhaustive seed manifest OR a proved usable finite superset for the required historical scope; original identities only if using identity-based recovery.,"PARTIAL_LOCAL_EVIDENCE_AVAILABLE; exhaustiveness not established; additional retained/backup evidence UNKNOWN. | REGISTERED_WORKSPACES_PRESENT; execution records not bound here; other histories UNKNOWN, not presumed nonexistent or lost. | 653 retained run identities and 377 artifact identities AVAILABLE; two selected older logs HTTP_410; alternate archives UNKNOWN; source reconstruction potentially recoverable."
REC-002,unreadable_record,UNRESOLVED,UNRESOLVED,SYNTHETIC_ARTIFACT_CLASSIFICATION_IS_NOT_TEST_HISTORY_CLOSURE,,DEP-03 | DEP-04 | DEP-05,Malformed payload identity/producer evidence retained; containing-test match history remains separate and unexhausted. Individual source hashes/JUnit nodes are not universal prerequisites.,Custodian/evidence-backed exhaustive seed manifest OR a proved usable finite superset for the required historical scope; original identities only if using identity-based recovery.,"PARTIAL_LOCAL_EVIDENCE_AVAILABLE; exhaustiveness not established; additional retained/backup evidence UNKNOWN. | REGISTERED_WORKSPACES_PRESENT; execution records not bound here; other histories UNKNOWN, not presumed nonexistent or lost. | 653 retained run identities and 377 artifact identities AVAILABLE; two selected older logs HTTP_410; alternate archives UNKNOWN; source reconstruction potentially recoverable."
REC-003,unreadable_record,UNRESOLVED,UNRESOLVED,SYNTHETIC_ARTIFACT_CLASSIFICATION_IS_NOT_TEST_HISTORY_CLOSURE,,DEP-03 | DEP-04 | DEP-05,Malformed payload identity/producer evidence retained; containing-test match history remains separate and unexhausted. Individual source hashes/JUnit nodes are not universal prerequisites.,Custodian/evidence-backed exhaustive seed manifest OR a proved usable finite superset for the required historical scope; original identities only if using identity-based recovery.,"PARTIAL_LOCAL_EVIDENCE_AVAILABLE; exhaustiveness not established; additional retained/backup evidence UNKNOWN. | REGISTERED_WORKSPACES_PRESENT; execution records not bound here; other histories UNKNOWN, not presumed nonexistent or lost. | 653 retained run identities and 377 artifact identities AVAILABLE; two selected older logs HTTP_410; alternate archives UNKNOWN; source reconstruction potentially recoverable."
REC-004,unreadable_record,UNRESOLVED,UNRESOLVED,SYNTHETIC_ARTIFACT_CLASSIFICATION_IS_NOT_TEST_HISTORY_CLOSURE,,DEP-03 | DEP-04 | DEP-05,Malformed payload identity/producer evidence retained; containing-test match history remains separate and unexhausted. Individual source hashes/JUnit nodes are not universal prerequisites.,Custodian/evidence-backed exhaustive seed manifest OR a proved usable finite superset for the required historical scope; original identities only if using identity-based recovery.,"PARTIAL_LOCAL_EVIDENCE_AVAILABLE; exhaustiveness not established; additional retained/backup evidence UNKNOWN. | REGISTERED_WORKSPACES_PRESENT; execution records not bound here; other histories UNKNOWN, not presumed nonexistent or lost. | 653 retained run identities and 377 artifact identities AVAILABLE; two selected older logs HTTP_410; alternate archives UNKNOWN; source reconstruction potentially recoverable."
REC-005,unreadable_record,UNRESOLVED,UNRESOLVED,SYNTHETIC_ARTIFACT_CLASSIFICATION_IS_NOT_TEST_HISTORY_CLOSURE,,DEP-03 | DEP-04 | DEP-05,Malformed payload identity/producer evidence retained; containing-test match history remains separate and unexhausted. Individual source hashes/JUnit nodes are not universal prerequisites.,Custodian/evidence-backed exhaustive seed manifest OR a proved usable finite superset for the required historical scope; original identities only if using identity-based recovery.,"PARTIAL_LOCAL_EVIDENCE_AVAILABLE; exhaustiveness not established; additional retained/backup evidence UNKNOWN. | REGISTERED_WORKSPACES_PRESENT; execution records not bound here; other histories UNKNOWN, not presumed nonexistent or lost. | 653 retained run identities and 377 artifact identities AVAILABLE; two selected older logs HTTP_410; alternate archives UNKNOWN; source reconstruction potentially recoverable."
REC-006,unreadable_record,UNRESOLVED,UNRESOLVED,SYNTHETIC_ARTIFACT_CLASSIFICATION_IS_NOT_TEST_HISTORY_CLOSURE,,DEP-03 | DEP-04 | DEP-05,Malformed payload identity/producer evidence retained; containing-test match history remains separate and unexhausted. Individual source hashes/JUnit nodes are not universal prerequisites.,Custodian/evidence-backed exhaustive seed manifest OR a proved usable finite superset for the required historical scope; original identities only if using identity-based recovery.,"PARTIAL_LOCAL_EVIDENCE_AVAILABLE; exhaustiveness not established; additional retained/backup evidence UNKNOWN. | REGISTERED_WORKSPACES_PRESENT; execution records not bound here; other histories UNKNOWN, not presumed nonexistent or lost. | 653 retained run identities and 377 artifact identities AVAILABLE; two selected older logs HTTP_410; alternate archives UNKNOWN; source reconstruction potentially recoverable."
REC-007,unreadable_record,UNRESOLVED,UNRESOLVED,SYNTHETIC_ARTIFACT_CLASSIFICATION_IS_NOT_TEST_HISTORY_CLOSURE,,DEP-03 | DEP-04 | DEP-05,Malformed payload identity/producer evidence retained; containing-test match history remains separate and unexhausted. Individual source hashes/JUnit nodes are not universal prerequisites.,Custodian/evidence-backed exhaustive seed manifest OR a proved usable finite superset for the required historical scope; original identities only if using identity-based recovery.,"PARTIAL_LOCAL_EVIDENCE_AVAILABLE; exhaustiveness not established; additional retained/backup evidence UNKNOWN. | REGISTERED_WORKSPACES_PRESENT; execution records not bound here; other histories UNKNOWN, not presumed nonexistent or lost. | 653 retained run identities and 377 artifact identities AVAILABLE; two selected older logs HTTP_410; alternate archives UNKNOWN; source reconstruction potentially recoverable."
REC-008,unreadable_record,UNRESOLVED,UNRESOLVED,SYNTHETIC_ARTIFACT_CLASSIFICATION_IS_NOT_TEST_HISTORY_CLOSURE,,DEP-03 | DEP-04 | DEP-05,Malformed payload identity/producer evidence retained; containing-test match history remains separate and unexhausted. Individual source hashes/JUnit nodes are not universal prerequisites.,Custodian/evidence-backed exhaustive seed manifest OR a proved usable finite superset for the required historical scope; original identities only if using identity-based recovery.,"PARTIAL_LOCAL_EVIDENCE_AVAILABLE; exhaustiveness not established; additional retained/backup evidence UNKNOWN. | REGISTERED_WORKSPACES_PRESENT; execution records not bound here; other histories UNKNOWN, not presumed nonexistent or lost. | 653 retained run identities and 377 artifact identities AVAILABLE; two selected older logs HTTP_410; alternate archives UNKNOWN; source reconstruction potentially recoverable."
REC-009,unreadable_record,UNRESOLVED,UNRESOLVED,SYNTHETIC_ARTIFACT_CLASSIFICATION_IS_NOT_TEST_HISTORY_CLOSURE,,DEP-03 | DEP-04 | DEP-05,Malformed payload identity/producer evidence retained; containing-test match history remains separate and unexhausted. Individual source hashes/JUnit nodes are not universal prerequisites.,Custodian/evidence-backed exhaustive seed manifest OR a proved usable finite superset for the required historical scope; original identities only if using identity-based recovery.,"PARTIAL_LOCAL_EVIDENCE_AVAILABLE; exhaustiveness not established; additional retained/backup evidence UNKNOWN. | REGISTERED_WORKSPACES_PRESENT; execution records not bound here; other histories UNKNOWN, not presumed nonexistent or lost. | 653 retained run identities and 377 artifact identities AVAILABLE; two selected older logs HTTP_410; alternate archives UNKNOWN; source reconstruction potentially recoverable."
REC-010,unreadable_record,UNRESOLVED,UNRESOLVED,SYNTHETIC_ARTIFACT_CLASSIFICATION_IS_NOT_TEST_HISTORY_CLOSURE,,DEP-03 | DEP-04 | DEP-05,Malformed payload identity/producer evidence retained; containing-test match history remains separate and unexhausted. Individual source hashes/JUnit nodes are not universal prerequisites.,Custodian/evidence-backed exhaustive seed manifest OR a proved usable finite superset for the required historical scope; original identities only if using identity-based recovery.,"PARTIAL_LOCAL_EVIDENCE_AVAILABLE; exhaustiveness not established; additional retained/backup evidence UNKNOWN. | REGISTERED_WORKSPACES_PRESENT; execution records not bound here; other histories UNKNOWN, not presumed nonexistent or lost. | 653 retained run identities and 377 artifact identities AVAILABLE; two selected older logs HTTP_410; alternate archives UNKNOWN; source reconstruction potentially recoverable."
REC-011,unreadable_record,UNRESOLVED,UNRESOLVED,SYNTHETIC_ARTIFACT_CLASSIFICATION_IS_NOT_TEST_HISTORY_CLOSURE,,DEP-03 | DEP-04 | DEP-05,Malformed payload identity/producer evidence retained; containing-test match history remains separate and unexhausted. Individual source hashes/JUnit nodes are not universal prerequisites.,Custodian/evidence-backed exhaustive seed manifest OR a proved usable finite superset for the required historical scope; original identities only if using identity-based recovery.,"PARTIAL_LOCAL_EVIDENCE_AVAILABLE; exhaustiveness not established; additional retained/backup evidence UNKNOWN. | REGISTERED_WORKSPACES_PRESENT; execution records not bound here; other histories UNKNOWN, not presumed nonexistent or lost. | 653 retained run identities and 377 artifact identities AVAILABLE; two selected older logs HTTP_410; alternate archives UNKNOWN; source reconstruction potentially recoverable."
REC-012,unreadable_record,UNRESOLVED,UNRESOLVED,SYNTHETIC_ARTIFACT_CLASSIFICATION_IS_NOT_TEST_HISTORY_CLOSURE,,DEP-03 | DEP-04 | DEP-05,Malformed payload identity/producer evidence retained; containing-test match history remains separate and unexhausted. Individual source hashes/JUnit nodes are not universal prerequisites.,Custodian/evidence-backed exhaustive seed manifest OR a proved usable finite superset for the required historical scope; original identities only if using identity-based recovery.,"PARTIAL_LOCAL_EVIDENCE_AVAILABLE; exhaustiveness not established; additional retained/backup evidence UNKNOWN. | REGISTERED_WORKSPACES_PRESENT; execution records not bound here; other histories UNKNOWN, not presumed nonexistent or lost. | 653 retained run identities and 377 artifact identities AVAILABLE; two selected older logs HTTP_410; alternate archives UNKNOWN; source reconstruction potentially recoverable."
REC-013,unreadable_record,UNRESOLVED,UNRESOLVED,SYNTHETIC_ARTIFACT_CLASSIFICATION_IS_NOT_TEST_HISTORY_CLOSURE,,DEP-03 | DEP-04 | DEP-05,Malformed payload identity/producer evidence retained; containing-test match history remains separate and unexhausted. Individual source hashes/JUnit nodes are not universal prerequisites.,Custodian/evidence-backed exhaustive seed manifest OR a proved usable finite superset for the required historical scope; original identities only if using identity-based recovery.,"PARTIAL_LOCAL_EVIDENCE_AVAILABLE; exhaustiveness not established; additional retained/backup evidence UNKNOWN. | REGISTERED_WORKSPACES_PRESENT; execution records not bound here; other histories UNKNOWN, not presumed nonexistent or lost. | 653 retained run identities and 377 artifact identities AVAILABLE; two selected older logs HTTP_410; alternate archives UNKNOWN; source reconstruction potentially recoverable."
REC-014,unreadable_record,UNRESOLVED,UNRESOLVED,SYNTHETIC_ARTIFACT_CLASSIFICATION_IS_NOT_TEST_HISTORY_CLOSURE,,DEP-03 | DEP-04 | DEP-05,Malformed payload identity/producer evidence retained; containing-test match history remains separate and unexhausted. Individual source hashes/JUnit nodes are not universal prerequisites.,Custodian/evidence-backed exhaustive seed manifest OR a proved usable finite superset for the required historical scope; original identities only if using identity-based recovery.,"PARTIAL_LOCAL_EVIDENCE_AVAILABLE; exhaustiveness not established; additional retained/backup evidence UNKNOWN. | REGISTERED_WORKSPACES_PRESENT; execution records not bound here; other histories UNKNOWN, not presumed nonexistent or lost. | 653 retained run identities and 377 artifact identities AVAILABLE; two selected older logs HTTP_410; alternate archives UNKNOWN; source reconstruction potentially recoverable."
REC-015,unreadable_record,UNRESOLVED,UNRESOLVED,SYNTHETIC_ARTIFACT_CLASSIFICATION_IS_NOT_TEST_HISTORY_CLOSURE,,DEP-03 | DEP-04 | DEP-05,Malformed payload identity/producer evidence retained; containing-test match history remains separate and unexhausted. Individual source hashes/JUnit nodes are not universal prerequisites.,Custodian/evidence-backed exhaustive seed manifest OR a proved usable finite superset for the required historical scope; original identities only if using identity-based recovery.,"PARTIAL_LOCAL_EVIDENCE_AVAILABLE; exhaustiveness not established; additional retained/backup evidence UNKNOWN. | REGISTERED_WORKSPACES_PRESENT; execution records not bound here; other histories UNKNOWN, not presumed nonexistent or lost. | 653 retained run identities and 377 artifact identities AVAILABLE; two selected older logs HTTP_410; alternate archives UNKNOWN; source reconstruction potentially recoverable."
REC-016,unreadable_record,UNRESOLVED,UNRESOLVED,SYNTHETIC_ARTIFACT_CLASSIFICATION_IS_NOT_TEST_HISTORY_CLOSURE,,DEP-03 | DEP-04 | DEP-05,Malformed payload identity/producer evidence retained; containing-test match history remains separate and unexhausted. Individual source hashes/JUnit nodes are not universal prerequisites.,Custodian/evidence-backed exhaustive seed manifest OR a proved usable finite superset for the required historical scope; original identities only if using identity-based recovery.,"PARTIAL_LOCAL_EVIDENCE_AVAILABLE; exhaustiveness not established; additional retained/backup evidence UNKNOWN. | REGISTERED_WORKSPACES_PRESENT; execution records not bound here; other histories UNKNOWN, not presumed nonexistent or lost. | 653 retained run identities and 377 artifact identities AVAILABLE; two selected older logs HTTP_410; alternate archives UNKNOWN; source reconstruction potentially recoverable."
REC-017,unreadable_record,UNRESOLVED,UNRESOLVED,SYNTHETIC_ARTIFACT_CLASSIFICATION_IS_NOT_TEST_HISTORY_CLOSURE,,DEP-03 | DEP-04 | DEP-05,Malformed payload identity/producer evidence retained; containing-test match history remains separate and unexhausted. Individual source hashes/JUnit nodes are not universal prerequisites.,Custodian/evidence-backed exhaustive seed manifest OR a proved usable finite superset for the required historical scope; original identities only if using identity-based recovery.,"PARTIAL_LOCAL_EVIDENCE_AVAILABLE; exhaustiveness not established; additional retained/backup evidence UNKNOWN. | REGISTERED_WORKSPACES_PRESENT; execution records not bound here; other histories UNKNOWN, not presumed nonexistent or lost. | 653 retained run identities and 377 artifact identities AVAILABLE; two selected older logs HTTP_410; alternate archives UNKNOWN; source reconstruction potentially recoverable."
REC-018,unreadable_record,UNRESOLVED,UNRESOLVED,IDENTIFIED_RETAINED_EXECUTIONS_COVERED,SEED-0043,DEP-03 | DEP-04 | DEP-05,"Actual recorded seed of each identified retained instance is included. Remaining dependency is exhaustive historical family coverage, not recovery of those recorded values.",Custodian/evidence-backed exhaustive seed manifest OR a proved usable finite superset for the required historical scope; original identities only if using identity-based recovery.,"PARTIAL_LOCAL_EVIDENCE_AVAILABLE; exhaustiveness not established; additional retained/backup evidence UNKNOWN. | REGISTERED_WORKSPACES_PRESENT; execution records not bound here; other histories UNKNOWN, not presumed nonexistent or lost. | 653 retained run identities and 377 artifact identities AVAILABLE; two selected older logs HTTP_410; alternate archives UNKNOWN; source reconstruction potentially recoverable."
REC-019,unreadable_record,UNRESOLVED,UNRESOLVED,SYNTHETIC_ARTIFACT_CLASSIFICATION_IS_NOT_TEST_HISTORY_CLOSURE,,DEP-03 | DEP-04 | DEP-05,Malformed payload identity/producer evidence retained; containing-test match history remains separate and unexhausted. Individual source hashes/JUnit nodes are not universal prerequisites.,Custodian/evidence-backed exhaustive seed manifest OR a proved usable finite superset for the required historical scope; original identities only if using identity-based recovery.,"PARTIAL_LOCAL_EVIDENCE_AVAILABLE; exhaustiveness not established; additional retained/backup evidence UNKNOWN. | REGISTERED_WORKSPACES_PRESENT; execution records not bound here; other histories UNKNOWN, not presumed nonexistent or lost. | 653 retained run identities and 377 artifact identities AVAILABLE; two selected older logs HTTP_410; alternate archives UNKNOWN; source reconstruction potentially recoverable."
REC-020,unreadable_record,UNRESOLVED,UNRESOLVED,SYNTHETIC_ARTIFACT_CLASSIFICATION_IS_NOT_TEST_HISTORY_CLOSURE,,DEP-03 | DEP-04 | DEP-05,Malformed payload identity/producer evidence retained; containing-test match history remains separate and unexhausted. Individual source hashes/JUnit nodes are not universal prerequisites.,Custodian/evidence-backed exhaustive seed manifest OR a proved usable finite superset for the required historical scope; original identities only if using identity-based recovery.,"PARTIAL_LOCAL_EVIDENCE_AVAILABLE; exhaustiveness not established; additional retained/backup evidence UNKNOWN. | REGISTERED_WORKSPACES_PRESENT; execution records not bound here; other histories UNKNOWN, not presumed nonexistent or lost. | 653 retained run identities and 377 artifact identities AVAILABLE; two selected older logs HTTP_410; alternate archives UNKNOWN; source reconstruction potentially recoverable."
REC-021,unreadable_record,UNRESOLVED,UNRESOLVED,SYNTHETIC_ARTIFACT_CLASSIFICATION_IS_NOT_TEST_HISTORY_CLOSURE,,DEP-03 | DEP-04 | DEP-05,Malformed payload identity/producer evidence retained; containing-test match history remains separate and unexhausted. Individual source hashes/JUnit nodes are not universal prerequisites.,Custodian/evidence-backed exhaustive seed manifest OR a proved usable finite superset for the required historical scope; original identities only if using identity-based recovery.,"PARTIAL_LOCAL_EVIDENCE_AVAILABLE; exhaustiveness not established; additional retained/backup evidence UNKNOWN. | REGISTERED_WORKSPACES_PRESENT; execution records not bound here; other histories UNKNOWN, not presumed nonexistent or lost. | 653 retained run identities and 377 artifact identities AVAILABLE; two selected older logs HTTP_410; alternate archives UNKNOWN; source reconstruction potentially recoverable."
REC-022,unreadable_record,UNRESOLVED,UNRESOLVED,SYNTHETIC_ARTIFACT_CLASSIFICATION_IS_NOT_TEST_HISTORY_CLOSURE,,DEP-03 | DEP-04 | DEP-05,Malformed payload identity/producer evidence retained; containing-test match history remains separate and unexhausted. Individual source hashes/JUnit nodes are not universal prerequisites.,Custodian/evidence-backed exhaustive seed manifest OR a proved usable finite superset for the required historical scope; original identities only if using identity-based recovery.,"PARTIAL_LOCAL_EVIDENCE_AVAILABLE; exhaustiveness not established; additional retained/backup evidence UNKNOWN. | REGISTERED_WORKSPACES_PRESENT; execution records not bound here; other histories UNKNOWN, not presumed nonexistent or lost. | 653 retained run identities and 377 artifact identities AVAILABLE; two selected older logs HTTP_410; alternate archives UNKNOWN; source reconstruction potentially recoverable."
REC-023,unreadable_record,UNRESOLVED,UNRESOLVED,SYNTHETIC_ARTIFACT_CLASSIFICATION_IS_NOT_TEST_HISTORY_CLOSURE,,DEP-03 | DEP-04 | DEP-05,Malformed payload identity/producer evidence retained; containing-test match history remains separate and unexhausted. Individual source hashes/JUnit nodes are not universal prerequisites.,Custodian/evidence-backed exhaustive seed manifest OR a proved usable finite superset for the required historical scope; original identities only if using identity-based recovery.,"PARTIAL_LOCAL_EVIDENCE_AVAILABLE; exhaustiveness not established; additional retained/backup evidence UNKNOWN. | REGISTERED_WORKSPACES_PRESENT; execution records not bound here; other histories UNKNOWN, not presumed nonexistent or lost. | 653 retained run identities and 377 artifact identities AVAILABLE; two selected older logs HTTP_410; alternate archives UNKNOWN; source reconstruction potentially recoverable."
REC-024,unreadable_record,UNRESOLVED,UNRESOLVED,SYNTHETIC_ARTIFACT_CLASSIFICATION_IS_NOT_TEST_HISTORY_CLOSURE,,DEP-03 | DEP-04 | DEP-05,Malformed payload identity/producer evidence retained; containing-test match history remains separate and unexhausted. Individual source hashes/JUnit nodes are not universal prerequisites.,Custodian/evidence-backed exhaustive seed manifest OR a proved usable finite superset for the required historical scope; original identities only if using identity-based recovery.,"PARTIAL_LOCAL_EVIDENCE_AVAILABLE; exhaustiveness not established; additional retained/backup evidence UNKNOWN. | REGISTERED_WORKSPACES_PRESENT; execution records not bound here; other histories UNKNOWN, not presumed nonexistent or lost. | 653 retained run identities and 377 artifact identities AVAILABLE; two selected older logs HTTP_410; alternate archives UNKNOWN; source reconstruction potentially recoverable."
REC-025,unreadable_record,UNRESOLVED,UNRESOLVED,SYNTHETIC_ARTIFACT_CLASSIFICATION_IS_NOT_TEST_HISTORY_CLOSURE,,DEP-03 | DEP-04 | DEP-05,Malformed payload identity/producer evidence retained; containing-test match history remains separate and unexhausted. Individual source hashes/JUnit nodes are not universal prerequisites.,Custodian/evidence-backed exhaustive seed manifest OR a proved usable finite superset for the required historical scope; original identities only if using identity-based recovery.,"PARTIAL_LOCAL_EVIDENCE_AVAILABLE; exhaustiveness not established; additional retained/backup evidence UNKNOWN. | REGISTERED_WORKSPACES_PRESENT; execution records not bound here; other histories UNKNOWN, not presumed nonexistent or lost. | 653 retained run identities and 377 artifact identities AVAILABLE; two selected older logs HTTP_410; alternate archives UNKNOWN; source reconstruction potentially recoverable."
REC-026,unreadable_record,UNRESOLVED,UNRESOLVED,SYNTHETIC_ARTIFACT_CLASSIFICATION_IS_NOT_TEST_HISTORY_CLOSURE,,DEP-03 | DEP-04 | DEP-05,Malformed payload identity/producer evidence retained; containing-test match history remains separate and unexhausted. Individual source hashes/JUnit nodes are not universal prerequisites.,Custodian/evidence-backed exhaustive seed manifest OR a proved usable finite superset for the required historical scope; original identities only if using identity-based recovery.,"PARTIAL_LOCAL_EVIDENCE_AVAILABLE; exhaustiveness not established; additional retained/backup evidence UNKNOWN. | REGISTERED_WORKSPACES_PRESENT; execution records not bound here; other histories UNKNOWN, not presumed nonexistent or lost. | 653 retained run identities and 377 artifact identities AVAILABLE; two selected older logs HTTP_410; alternate archives UNKNOWN; source reconstruction potentially recoverable."
REC-027,unreadable_record,UNRESOLVED,UNRESOLVED,IDENTIFIED_RETAINED_EXECUTIONS_COVERED,SEED-0147,DEP-03 | DEP-04 | DEP-05,"Actual recorded seed of each identified retained instance is included. Remaining dependency is exhaustive historical family coverage, not recovery of those recorded values.",Custodian/evidence-backed exhaustive seed manifest OR a proved usable finite superset for the required historical scope; original identities only if using identity-based recovery.,"PARTIAL_LOCAL_EVIDENCE_AVAILABLE; exhaustiveness not established; additional retained/backup evidence UNKNOWN. | REGISTERED_WORKSPACES_PRESENT; execution records not bound here; other histories UNKNOWN, not presumed nonexistent or lost. | 653 retained run identities and 377 artifact identities AVAILABLE; two selected older logs HTTP_410; alternate archives UNKNOWN; source reconstruction potentially recoverable."
REC-028,unreadable_record,UNRESOLVED,UNRESOLVED,SYNTHETIC_ARTIFACT_CLASSIFICATION_IS_NOT_TEST_HISTORY_CLOSURE,,DEP-03 | DEP-04 | DEP-05,Malformed payload identity/producer evidence retained; containing-test match history remains separate and unexhausted. Individual source hashes/JUnit nodes are not universal prerequisites.,Custodian/evidence-backed exhaustive seed manifest OR a proved usable finite superset for the required historical scope; original identities only if using identity-based recovery.,"PARTIAL_LOCAL_EVIDENCE_AVAILABLE; exhaustiveness not established; additional retained/backup evidence UNKNOWN. | REGISTERED_WORKSPACES_PRESENT; execution records not bound here; other histories UNKNOWN, not presumed nonexistent or lost. | 653 retained run identities and 377 artifact identities AVAILABLE; two selected older logs HTTP_410; alternate archives UNKNOWN; source reconstruction potentially recoverable."
REC-029,unreadable_record,UNRESOLVED,UNRESOLVED,SYNTHETIC_ARTIFACT_CLASSIFICATION_IS_NOT_TEST_HISTORY_CLOSURE,,DEP-03 | DEP-04 | DEP-05,Malformed payload identity/producer evidence retained; containing-test match history remains separate and unexhausted. Individual source hashes/JUnit nodes are not universal prerequisites.,Custodian/evidence-backed exhaustive seed manifest OR a proved usable finite superset for the required historical scope; original identities only if using identity-based recovery.,"PARTIAL_LOCAL_EVIDENCE_AVAILABLE; exhaustiveness not established; additional retained/backup evidence UNKNOWN. | REGISTERED_WORKSPACES_PRESENT; execution records not bound here; other histories UNKNOWN, not presumed nonexistent or lost. | 653 retained run identities and 377 artifact identities AVAILABLE; two selected older logs HTTP_410; alternate archives UNKNOWN; source reconstruction potentially recoverable."
REC-030,unreadable_record,UNRESOLVED,UNRESOLVED,SYNTHETIC_ARTIFACT_CLASSIFICATION_IS_NOT_TEST_HISTORY_CLOSURE,,DEP-03 | DEP-04 | DEP-05,Malformed payload identity/producer evidence retained; containing-test match history remains separate and unexhausted. Individual source hashes/JUnit nodes are not universal prerequisites.,Custodian/evidence-backed exhaustive seed manifest OR a proved usable finite superset for the required historical scope; original identities only if using identity-based recovery.,"PARTIAL_LOCAL_EVIDENCE_AVAILABLE; exhaustiveness not established; additional retained/backup evidence UNKNOWN. | REGISTERED_WORKSPACES_PRESENT; execution records not bound here; other histories UNKNOWN, not presumed nonexistent or lost. | 653 retained run identities and 377 artifact identities AVAILABLE; two selected older logs HTTP_410; alternate archives UNKNOWN; source reconstruction potentially recoverable."
REC-031,unreadable_record,UNRESOLVED,UNRESOLVED,SYNTHETIC_ARTIFACT_CLASSIFICATION_IS_NOT_TEST_HISTORY_CLOSURE,,DEP-03 | DEP-04 | DEP-05,Malformed payload identity/producer evidence retained; containing-test match history remains separate and unexhausted. Individual source hashes/JUnit nodes are not universal prerequisites.,Custodian/evidence-backed exhaustive seed manifest OR a proved usable finite superset for the required historical scope; original identities only if using identity-based recovery.,"PARTIAL_LOCAL_EVIDENCE_AVAILABLE; exhaustiveness not established; additional retained/backup evidence UNKNOWN. | REGISTERED_WORKSPACES_PRESENT; execution records not bound here; other histories UNKNOWN, not presumed nonexistent or lost. | 653 retained run identities and 377 artifact identities AVAILABLE; two selected older logs HTTP_410; alternate archives UNKNOWN; source reconstruction potentially recoverable."
REC-032,unreadable_record,UNRESOLVED,UNRESOLVED,SYNTHETIC_ARTIFACT_CLASSIFICATION_IS_NOT_TEST_HISTORY_CLOSURE,,DEP-03 | DEP-04 | DEP-05,Malformed payload identity/producer evidence retained; containing-test match history remains separate and unexhausted. Individual source hashes/JUnit nodes are not universal prerequisites.,Custodian/evidence-backed exhaustive seed manifest OR a proved usable finite superset for the required historical scope; original identities only if using identity-based recovery.,"PARTIAL_LOCAL_EVIDENCE_AVAILABLE; exhaustiveness not established; additional retained/backup evidence UNKNOWN. | REGISTERED_WORKSPACES_PRESENT; execution records not bound here; other histories UNKNOWN, not presumed nonexistent or lost. | 653 retained run identities and 377 artifact identities AVAILABLE; two selected older logs HTTP_410; alternate archives UNKNOWN; source reconstruction potentially recoverable."
REC-033,unreadable_record,UNRESOLVED,UNRESOLVED,SYNTHETIC_ARTIFACT_CLASSIFICATION_IS_NOT_TEST_HISTORY_CLOSURE,,DEP-03 | DEP-04 | DEP-05,Malformed payload identity/producer evidence retained; containing-test match history remains separate and unexhausted. Individual source hashes/JUnit nodes are not universal prerequisites.,Custodian/evidence-backed exhaustive seed manifest OR a proved usable finite superset for the required historical scope; original identities only if using identity-based recovery.,"PARTIAL_LOCAL_EVIDENCE_AVAILABLE; exhaustiveness not established; additional retained/backup evidence UNKNOWN. | REGISTERED_WORKSPACES_PRESENT; execution records not bound here; other histories UNKNOWN, not presumed nonexistent or lost. | 653 retained run identities and 377 artifact identities AVAILABLE; two selected older logs HTTP_410; alternate archives UNKNOWN; source reconstruction potentially recoverable."
REC-034,unreadable_record,UNRESOLVED,UNRESOLVED,SYNTHETIC_ARTIFACT_CLASSIFICATION_IS_NOT_TEST_HISTORY_CLOSURE,,DEP-03 | DEP-04 | DEP-05,Malformed payload identity/producer evidence retained; containing-test match history remains separate and unexhausted. Individual source hashes/JUnit nodes are not universal prerequisites.,Custodian/evidence-backed exhaustive seed manifest OR a proved usable finite superset for the required historical scope; original identities only if using identity-based recovery.,"PARTIAL_LOCAL_EVIDENCE_AVAILABLE; exhaustiveness not established; additional retained/backup evidence UNKNOWN. | REGISTERED_WORKSPACES_PRESENT; execution records not bound here; other histories UNKNOWN, not presumed nonexistent or lost. | 653 retained run identities and 377 artifact identities AVAILABLE; two selected older logs HTTP_410; alternate archives UNKNOWN; source reconstruction potentially recoverable."
REC-035,unreadable_record,UNRESOLVED,UNRESOLVED,SYNTHETIC_ARTIFACT_CLASSIFICATION_IS_NOT_TEST_HISTORY_CLOSURE,,DEP-03 | DEP-04 | DEP-05,Malformed payload identity/producer evidence retained; containing-test match history remains separate and unexhausted. Individual source hashes/JUnit nodes are not universal prerequisites.,Custodian/evidence-backed exhaustive seed manifest OR a proved usable finite superset for the required historical scope; original identities only if using identity-based recovery.,"PARTIAL_LOCAL_EVIDENCE_AVAILABLE; exhaustiveness not established; additional retained/backup evidence UNKNOWN. | REGISTERED_WORKSPACES_PRESENT; execution records not bound here; other histories UNKNOWN, not presumed nonexistent or lost. | 653 retained run identities and 377 artifact identities AVAILABLE; two selected older logs HTTP_410; alternate archives UNKNOWN; source reconstruction potentially recoverable."
REC-036,unreadable_record,UNRESOLVED,UNRESOLVED,SYNTHETIC_ARTIFACT_CLASSIFICATION_IS_NOT_TEST_HISTORY_CLOSURE,,DEP-03 | DEP-04 | DEP-05,Malformed payload identity/producer evidence retained; containing-test match history remains separate and unexhausted. Individual source hashes/JUnit nodes are not universal prerequisites.,Custodian/evidence-backed exhaustive seed manifest OR a proved usable finite superset for the required historical scope; original identities only if using identity-based recovery.,"PARTIAL_LOCAL_EVIDENCE_AVAILABLE; exhaustiveness not established; additional retained/backup evidence UNKNOWN. | REGISTERED_WORKSPACES_PRESENT; execution records not bound here; other histories UNKNOWN, not presumed nonexistent or lost. | 653 retained run identities and 377 artifact identities AVAILABLE; two selected older logs HTTP_410; alternate archives UNKNOWN; source reconstruction potentially recoverable."
REC-037,unreadable_record,UNRESOLVED,UNRESOLVED,SYNTHETIC_ARTIFACT_CLASSIFICATION_IS_NOT_TEST_HISTORY_CLOSURE,,DEP-03 | DEP-04 | DEP-05,Malformed payload identity/producer evidence retained; containing-test match history remains separate and unexhausted. Individual source hashes/JUnit nodes are not universal prerequisites.,Custodian/evidence-backed exhaustive seed manifest OR a proved usable finite superset for the required historical scope; original identities only if using identity-based recovery.,"PARTIAL_LOCAL_EVIDENCE_AVAILABLE; exhaustiveness not established; additional retained/backup evidence UNKNOWN. | REGISTERED_WORKSPACES_PRESENT; execution records not bound here; other histories UNKNOWN, not presumed nonexistent or lost. | 653 retained run identities and 377 artifact identities AVAILABLE; two selected older logs HTTP_410; alternate archives UNKNOWN; source reconstruction potentially recoverable."
REC-038,unreadable_record,UNRESOLVED,UNRESOLVED,SYNTHETIC_ARTIFACT_CLASSIFICATION_IS_NOT_TEST_HISTORY_CLOSURE,,DEP-03 | DEP-04 | DEP-05,Malformed payload identity/producer evidence retained; containing-test match history remains separate and unexhausted. Individual source hashes/JUnit nodes are not universal prerequisites.,Custodian/evidence-backed exhaustive seed manifest OR a proved usable finite superset for the required historical scope; original identities only if using identity-based recovery.,"PARTIAL_LOCAL_EVIDENCE_AVAILABLE; exhaustiveness not established; additional retained/backup evidence UNKNOWN. | REGISTERED_WORKSPACES_PRESENT; execution records not bound here; other histories UNKNOWN, not presumed nonexistent or lost. | 653 retained run identities and 377 artifact identities AVAILABLE; two selected older logs HTTP_410; alternate archives UNKNOWN; source reconstruction potentially recoverable."
REC-039,unreadable_record,UNRESOLVED,UNRESOLVED,SYNTHETIC_ARTIFACT_CLASSIFICATION_IS_NOT_TEST_HISTORY_CLOSURE,,DEP-03 | DEP-04 | DEP-05,Malformed payload identity/producer evidence retained; containing-test match history remains separate and unexhausted. Individual source hashes/JUnit nodes are not universal prerequisites.,Custodian/evidence-backed exhaustive seed manifest OR a proved usable finite superset for the required historical scope; original identities only if using identity-based recovery.,"PARTIAL_LOCAL_EVIDENCE_AVAILABLE; exhaustiveness not established; additional retained/backup evidence UNKNOWN. | REGISTERED_WORKSPACES_PRESENT; execution records not bound here; other histories UNKNOWN, not presumed nonexistent or lost. | 653 retained run identities and 377 artifact identities AVAILABLE; two selected older logs HTTP_410; alternate archives UNKNOWN; source reconstruction potentially recoverable."
REC-040,unreadable_record,UNRESOLVED,UNRESOLVED,SYNTHETIC_ARTIFACT_CLASSIFICATION_IS_NOT_TEST_HISTORY_CLOSURE,,DEP-03 | DEP-04 | DEP-05,Malformed payload identity/producer evidence retained; containing-test match history remains separate and unexhausted. Individual source hashes/JUnit nodes are not universal prerequisites.,Custodian/evidence-backed exhaustive seed manifest OR a proved usable finite superset for the required historical scope; original identities only if using identity-based recovery.,"PARTIAL_LOCAL_EVIDENCE_AVAILABLE; exhaustiveness not established; additional retained/backup evidence UNKNOWN. | REGISTERED_WORKSPACES_PRESENT; execution records not bound here; other histories UNKNOWN, not presumed nonexistent or lost. | 653 retained run identities and 377 artifact identities AVAILABLE; two selected older logs HTTP_410; alternate archives UNKNOWN; source reconstruction potentially recoverable."
REC-041,unreadable_record,UNRESOLVED,UNRESOLVED,SYNTHETIC_ARTIFACT_CLASSIFICATION_IS_NOT_TEST_HISTORY_CLOSURE,,DEP-03 | DEP-04 | DEP-05,Malformed payload identity/producer evidence retained; containing-test match history remains separate and unexhausted. Individual source hashes/JUnit nodes are not universal prerequisites.,Custodian/evidence-backed exhaustive seed manifest OR a proved usable finite superset for the required historical scope; original identities only if using identity-based recovery.,"PARTIAL_LOCAL_EVIDENCE_AVAILABLE; exhaustiveness not established; additional retained/backup evidence UNKNOWN. | REGISTERED_WORKSPACES_PRESENT; execution records not bound here; other histories UNKNOWN, not presumed nonexistent or lost. | 653 retained run identities and 377 artifact identities AVAILABLE; two selected older logs HTTP_410; alternate archives UNKNOWN; source reconstruction potentially recoverable."
REC-042,unreadable_record,UNRESOLVED,UNRESOLVED,SYNTHETIC_ARTIFACT_CLASSIFICATION_IS_NOT_TEST_HISTORY_CLOSURE,,DEP-03 | DEP-04 | DEP-05,Malformed payload identity/producer evidence retained; containing-test match history remains separate and unexhausted. Individual source hashes/JUnit nodes are not universal prerequisites.,Custodian/evidence-backed exhaustive seed manifest OR a proved usable finite superset for the required historical scope; original identities only if using identity-based recovery.,"PARTIAL_LOCAL_EVIDENCE_AVAILABLE; exhaustiveness not established; additional retained/backup evidence UNKNOWN. | REGISTERED_WORKSPACES_PRESENT; execution records not bound here; other histories UNKNOWN, not presumed nonexistent or lost. | 653 retained run identities and 377 artifact identities AVAILABLE; two selected older logs HTTP_410; alternate archives UNKNOWN; source reconstruction potentially recoverable."
REC-043,unreadable_record,UNRESOLVED,UNRESOLVED,SYNTHETIC_ARTIFACT_CLASSIFICATION_IS_NOT_TEST_HISTORY_CLOSURE,,DEP-03 | DEP-04 | DEP-05,Malformed payload identity/producer evidence retained; containing-test match history remains separate and unexhausted. Individual source hashes/JUnit nodes are not universal prerequisites.,Custodian/evidence-backed exhaustive seed manifest OR a proved usable finite superset for the required historical scope; original identities only if using identity-based recovery.,"PARTIAL_LOCAL_EVIDENCE_AVAILABLE; exhaustiveness not established; additional retained/backup evidence UNKNOWN. | REGISTERED_WORKSPACES_PRESENT; execution records not bound here; other histories UNKNOWN, not presumed nonexistent or lost. | 653 retained run identities and 377 artifact identities AVAILABLE; two selected older logs HTTP_410; alternate archives UNKNOWN; source reconstruction potentially recoverable."
REC-044,unreadable_record,UNRESOLVED,UNRESOLVED,SYNTHETIC_ARTIFACT_CLASSIFICATION_IS_NOT_TEST_HISTORY_CLOSURE,,DEP-03 | DEP-04 | DEP-05,Malformed payload identity/producer evidence retained; containing-test match history remains separate and unexhausted. Individual source hashes/JUnit nodes are not universal prerequisites.,Custodian/evidence-backed exhaustive seed manifest OR a proved usable finite superset for the required historical scope; original identities only if using identity-based recovery.,"PARTIAL_LOCAL_EVIDENCE_AVAILABLE; exhaustiveness not established; additional retained/backup evidence UNKNOWN. | REGISTERED_WORKSPACES_PRESENT; execution records not bound here; other histories UNKNOWN, not presumed nonexistent or lost. | 653 retained run identities and 377 artifact identities AVAILABLE; two selected older logs HTTP_410; alternate archives UNKNOWN; source reconstruction potentially recoverable."
REC-045,unreadable_record,UNRESOLVED,UNRESOLVED,SYNTHETIC_ARTIFACT_CLASSIFICATION_IS_NOT_TEST_HISTORY_CLOSURE,,DEP-03 | DEP-04 | DEP-05,Malformed payload identity/producer evidence retained; containing-test match history remains separate and unexhausted. Individual source hashes/JUnit nodes are not universal prerequisites.,Custodian/evidence-backed exhaustive seed manifest OR a proved usable finite superset for the required historical scope; original identities only if using identity-based recovery.,"PARTIAL_LOCAL_EVIDENCE_AVAILABLE; exhaustiveness not established; additional retained/backup evidence UNKNOWN. | REGISTERED_WORKSPACES_PRESENT; execution records not bound here; other histories UNKNOWN, not presumed nonexistent or lost. | 653 retained run identities and 377 artifact identities AVAILABLE; two selected older logs HTTP_410; alternate archives UNKNOWN; source reconstruction potentially recoverable."
REC-046,unreadable_record,UNRESOLVED,UNRESOLVED,SYNTHETIC_ARTIFACT_CLASSIFICATION_IS_NOT_TEST_HISTORY_CLOSURE,,DEP-03 | DEP-04 | DEP-05,Malformed payload identity/producer evidence retained; containing-test match history remains separate and unexhausted. Individual source hashes/JUnit nodes are not universal prerequisites.,Custodian/evidence-backed exhaustive seed manifest OR a proved usable finite superset for the required historical scope; original identities only if using identity-based recovery.,"PARTIAL_LOCAL_EVIDENCE_AVAILABLE; exhaustiveness not established; additional retained/backup evidence UNKNOWN. | REGISTERED_WORKSPACES_PRESENT; execution records not bound here; other histories UNKNOWN, not presumed nonexistent or lost. | 653 retained run identities and 377 artifact identities AVAILABLE; two selected older logs HTTP_410; alternate archives UNKNOWN; source reconstruction potentially recoverable."
REC-047,unreadable_record,UNRESOLVED,UNRESOLVED,SYNTHETIC_ARTIFACT_CLASSIFICATION_IS_NOT_TEST_HISTORY_CLOSURE,,DEP-03 | DEP-04 | DEP-05,Malformed payload identity/producer evidence retained; containing-test match history remains separate and unexhausted. Individual source hashes/JUnit nodes are not universal prerequisites.,Custodian/evidence-backed exhaustive seed manifest OR a proved usable finite superset for the required historical scope; original identities only if using identity-based recovery.,"PARTIAL_LOCAL_EVIDENCE_AVAILABLE; exhaustiveness not established; additional retained/backup evidence UNKNOWN. | REGISTERED_WORKSPACES_PRESENT; execution records not bound here; other histories UNKNOWN, not presumed nonexistent or lost. | 653 retained run identities and 377 artifact identities AVAILABLE; two selected older logs HTTP_410; alternate archives UNKNOWN; source reconstruction potentially recoverable."
REC-048,unreadable_record,UNRESOLVED,UNRESOLVED,SYNTHETIC_ARTIFACT_CLASSIFICATION_IS_NOT_TEST_HISTORY_CLOSURE,,DEP-03 | DEP-04 | DEP-05,Malformed payload identity/producer evidence retained; containing-test match history remains separate and unexhausted. Individual source hashes/JUnit nodes are not universal prerequisites.,Custodian/evidence-backed exhaustive seed manifest OR a proved usable finite superset for the required historical scope; original identities only if using identity-based recovery.,"PARTIAL_LOCAL_EVIDENCE_AVAILABLE; exhaustiveness not established; additional retained/backup evidence UNKNOWN. | REGISTERED_WORKSPACES_PRESENT; execution records not bound here; other histories UNKNOWN, not presumed nonexistent or lost. | 653 retained run identities and 377 artifact identities AVAILABLE; two selected older logs HTTP_410; alternate archives UNKNOWN; source reconstruction potentially recoverable."
REC-049,unreadable_record,UNRESOLVED,UNRESOLVED,IDENTIFIED_RETAINED_EXECUTIONS_COVERED,SEED-0043,DEP-03 | DEP-04 | DEP-05,"Actual recorded seed of each identified retained instance is included. Remaining dependency is exhaustive historical family coverage, not recovery of those recorded values.",Custodian/evidence-backed exhaustive seed manifest OR a proved usable finite superset for the required historical scope; original identities only if using identity-based recovery.,"PARTIAL_LOCAL_EVIDENCE_AVAILABLE; exhaustiveness not established; additional retained/backup evidence UNKNOWN. | REGISTERED_WORKSPACES_PRESENT; execution records not bound here; other histories UNKNOWN, not presumed nonexistent or lost. | 653 retained run identities and 377 artifact identities AVAILABLE; two selected older logs HTTP_410; alternate archives UNKNOWN; source reconstruction potentially recoverable."
REC-050,unreadable_record,UNRESOLVED,UNRESOLVED,SYNTHETIC_ARTIFACT_CLASSIFICATION_IS_NOT_TEST_HISTORY_CLOSURE,,DEP-03 | DEP-04 | DEP-05,Malformed payload identity/producer evidence retained; containing-test match history remains separate and unexhausted. Individual source hashes/JUnit nodes are not universal prerequisites.,Custodian/evidence-backed exhaustive seed manifest OR a proved usable finite superset for the required historical scope; original identities only if using identity-based recovery.,"PARTIAL_LOCAL_EVIDENCE_AVAILABLE; exhaustiveness not established; additional retained/backup evidence UNKNOWN. | REGISTERED_WORKSPACES_PRESENT; execution records not bound here; other histories UNKNOWN, not presumed nonexistent or lost. | 653 retained run identities and 377 artifact identities AVAILABLE; two selected older logs HTTP_410; alternate archives UNKNOWN; source reconstruction potentially recoverable."
REC-051,unreadable_record,UNRESOLVED,UNRESOLVED,SYNTHETIC_ARTIFACT_CLASSIFICATION_IS_NOT_TEST_HISTORY_CLOSURE,,DEP-03 | DEP-04 | DEP-05,Malformed payload identity/producer evidence retained; containing-test match history remains separate and unexhausted. Individual source hashes/JUnit nodes are not universal prerequisites.,Custodian/evidence-backed exhaustive seed manifest OR a proved usable finite superset for the required historical scope; original identities only if using identity-based recovery.,"PARTIAL_LOCAL_EVIDENCE_AVAILABLE; exhaustiveness not established; additional retained/backup evidence UNKNOWN. | REGISTERED_WORKSPACES_PRESENT; execution records not bound here; other histories UNKNOWN, not presumed nonexistent or lost. | 653 retained run identities and 377 artifact identities AVAILABLE; two selected older logs HTTP_410; alternate archives UNKNOWN; source reconstruction potentially recoverable."
REC-052,unreadable_record,UNRESOLVED,UNRESOLVED,SYNTHETIC_ARTIFACT_CLASSIFICATION_IS_NOT_TEST_HISTORY_CLOSURE,,DEP-03 | DEP-04 | DEP-05,Malformed payload identity/producer evidence retained; containing-test match history remains separate and unexhausted. Individual source hashes/JUnit nodes are not universal prerequisites.,Custodian/evidence-backed exhaustive seed manifest OR a proved usable finite superset for the required historical scope; original identities only if using identity-based recovery.,"PARTIAL_LOCAL_EVIDENCE_AVAILABLE; exhaustiveness not established; additional retained/backup evidence UNKNOWN. | REGISTERED_WORKSPACES_PRESENT; execution records not bound here; other histories UNKNOWN, not presumed nonexistent or lost. | 653 retained run identities and 377 artifact identities AVAILABLE; two selected older logs HTTP_410; alternate archives UNKNOWN; source reconstruction potentially recoverable."
REC-053,unreadable_record,UNRESOLVED,UNRESOLVED,SYNTHETIC_ARTIFACT_CLASSIFICATION_IS_NOT_TEST_HISTORY_CLOSURE,,DEP-03 | DEP-04 | DEP-05,Malformed payload identity/producer evidence retained; containing-test match history remains separate and unexhausted. Individual source hashes/JUnit nodes are not universal prerequisites.,Custodian/evidence-backed exhaustive seed manifest OR a proved usable finite superset for the required historical scope; original identities only if using identity-based recovery.,"PARTIAL_LOCAL_EVIDENCE_AVAILABLE; exhaustiveness not established; additional retained/backup evidence UNKNOWN. | REGISTERED_WORKSPACES_PRESENT; execution records not bound here; other histories UNKNOWN, not presumed nonexistent or lost. | 653 retained run identities and 377 artifact identities AVAILABLE; two selected older logs HTTP_410; alternate archives UNKNOWN; source reconstruction potentially recoverable."
REC-054,unreadable_record,UNRESOLVED,UNRESOLVED,SYNTHETIC_ARTIFACT_CLASSIFICATION_IS_NOT_TEST_HISTORY_CLOSURE,,DEP-03 | DEP-04 | DEP-05,Malformed payload identity/producer evidence retained; containing-test match history remains separate and unexhausted. Individual source hashes/JUnit nodes are not universal prerequisites.,Custodian/evidence-backed exhaustive seed manifest OR a proved usable finite superset for the required historical scope; original identities only if using identity-based recovery.,"PARTIAL_LOCAL_EVIDENCE_AVAILABLE; exhaustiveness not established; additional retained/backup evidence UNKNOWN. | REGISTERED_WORKSPACES_PRESENT; execution records not bound here; other histories UNKNOWN, not presumed nonexistent or lost. | 653 retained run identities and 377 artifact identities AVAILABLE; two selected older logs HTTP_410; alternate archives UNKNOWN; source reconstruction potentially recoverable."
REC-055,unreadable_record,UNRESOLVED,UNRESOLVED,SYNTHETIC_ARTIFACT_CLASSIFICATION_IS_NOT_TEST_HISTORY_CLOSURE,,DEP-03 | DEP-04 | DEP-05,Malformed payload identity/producer evidence retained; containing-test match history remains separate and unexhausted. Individual source hashes/JUnit nodes are not universal prerequisites.,Custodian/evidence-backed exhaustive seed manifest OR a proved usable finite superset for the required historical scope; original identities only if using identity-based recovery.,"PARTIAL_LOCAL_EVIDENCE_AVAILABLE; exhaustiveness not established; additional retained/backup evidence UNKNOWN. | REGISTERED_WORKSPACES_PRESENT; execution records not bound here; other histories UNKNOWN, not presumed nonexistent or lost. | 653 retained run identities and 377 artifact identities AVAILABLE; two selected older logs HTTP_410; alternate archives UNKNOWN; source reconstruction potentially recoverable."
REC-056,unreadable_record,UNRESOLVED,UNRESOLVED,SYNTHETIC_ARTIFACT_CLASSIFICATION_IS_NOT_TEST_HISTORY_CLOSURE,,DEP-03 | DEP-04 | DEP-05,Malformed payload identity/producer evidence retained; containing-test match history remains separate and unexhausted. Individual source hashes/JUnit nodes are not universal prerequisites.,Custodian/evidence-backed exhaustive seed manifest OR a proved usable finite superset for the required historical scope; original identities only if using identity-based recovery.,"PARTIAL_LOCAL_EVIDENCE_AVAILABLE; exhaustiveness not established; additional retained/backup evidence UNKNOWN. | REGISTERED_WORKSPACES_PRESENT; execution records not bound here; other histories UNKNOWN, not presumed nonexistent or lost. | 653 retained run identities and 377 artifact identities AVAILABLE; two selected older logs HTTP_410; alternate archives UNKNOWN; source reconstruction potentially recoverable."
REC-057,unreadable_record,UNRESOLVED,UNRESOLVED,SYNTHETIC_ARTIFACT_CLASSIFICATION_IS_NOT_TEST_HISTORY_CLOSURE,,DEP-03 | DEP-04 | DEP-05,Malformed payload identity/producer evidence retained; containing-test match history remains separate and unexhausted. Individual source hashes/JUnit nodes are not universal prerequisites.,Custodian/evidence-backed exhaustive seed manifest OR a proved usable finite superset for the required historical scope; original identities only if using identity-based recovery.,"PARTIAL_LOCAL_EVIDENCE_AVAILABLE; exhaustiveness not established; additional retained/backup evidence UNKNOWN. | REGISTERED_WORKSPACES_PRESENT; execution records not bound here; other histories UNKNOWN, not presumed nonexistent or lost. | 653 retained run identities and 377 artifact identities AVAILABLE; two selected older logs HTTP_410; alternate archives UNKNOWN; source reconstruction potentially recoverable."
REC-058,unreadable_record,UNRESOLVED,UNRESOLVED,IDENTIFIED_RETAINED_EXECUTIONS_COVERED,SEED-0147,DEP-03 | DEP-04 | DEP-05,"Actual recorded seed of each identified retained instance is included. Remaining dependency is exhaustive historical family coverage, not recovery of those recorded values.",Custodian/evidence-backed exhaustive seed manifest OR a proved usable finite superset for the required historical scope; original identities only if using identity-based recovery.,"PARTIAL_LOCAL_EVIDENCE_AVAILABLE; exhaustiveness not established; additional retained/backup evidence UNKNOWN. | REGISTERED_WORKSPACES_PRESENT; execution records not bound here; other histories UNKNOWN, not presumed nonexistent or lost. | 653 retained run identities and 377 artifact identities AVAILABLE; two selected older logs HTTP_410; alternate archives UNKNOWN; source reconstruction potentially recoverable."
REC-059,unreadable_record,UNRESOLVED,UNRESOLVED,SYNTHETIC_ARTIFACT_CLASSIFICATION_IS_NOT_TEST_HISTORY_CLOSURE,,DEP-03 | DEP-04 | DEP-05,Malformed payload identity/producer evidence retained; containing-test match history remains separate and unexhausted. Individual source hashes/JUnit nodes are not universal prerequisites.,Custodian/evidence-backed exhaustive seed manifest OR a proved usable finite superset for the required historical scope; original identities only if using identity-based recovery.,"PARTIAL_LOCAL_EVIDENCE_AVAILABLE; exhaustiveness not established; additional retained/backup evidence UNKNOWN. | REGISTERED_WORKSPACES_PRESENT; execution records not bound here; other histories UNKNOWN, not presumed nonexistent or lost. | 653 retained run identities and 377 artifact identities AVAILABLE; two selected older logs HTTP_410; alternate archives UNKNOWN; source reconstruction potentially recoverable."
REC-060,unreadable_record,UNRESOLVED,UNRESOLVED,SYNTHETIC_ARTIFACT_CLASSIFICATION_IS_NOT_TEST_HISTORY_CLOSURE,,DEP-03 | DEP-04 | DEP-05,Malformed payload identity/producer evidence retained; containing-test match history remains separate and unexhausted. Individual source hashes/JUnit nodes are not universal prerequisites.,Custodian/evidence-backed exhaustive seed manifest OR a proved usable finite superset for the required historical scope; original identities only if using identity-based recovery.,"PARTIAL_LOCAL_EVIDENCE_AVAILABLE; exhaustiveness not established; additional retained/backup evidence UNKNOWN. | REGISTERED_WORKSPACES_PRESENT; execution records not bound here; other histories UNKNOWN, not presumed nonexistent or lost. | 653 retained run identities and 377 artifact identities AVAILABLE; two selected older logs HTTP_410; alternate archives UNKNOWN; source reconstruction potentially recoverable."
REC-061,unreadable_record,UNRESOLVED,UNRESOLVED,SYNTHETIC_ARTIFACT_CLASSIFICATION_IS_NOT_TEST_HISTORY_CLOSURE,,DEP-03 | DEP-04 | DEP-05,Malformed payload identity/producer evidence retained; containing-test match history remains separate and unexhausted. Individual source hashes/JUnit nodes are not universal prerequisites.,Custodian/evidence-backed exhaustive seed manifest OR a proved usable finite superset for the required historical scope; original identities only if using identity-based recovery.,"PARTIAL_LOCAL_EVIDENCE_AVAILABLE; exhaustiveness not established; additional retained/backup evidence UNKNOWN. | REGISTERED_WORKSPACES_PRESENT; execution records not bound here; other histories UNKNOWN, not presumed nonexistent or lost. | 653 retained run identities and 377 artifact identities AVAILABLE; two selected older logs HTTP_410; alternate archives UNKNOWN; source reconstruction potentially recoverable."
REC-062,unreadable_record,UNRESOLVED,UNRESOLVED,SYNTHETIC_ARTIFACT_CLASSIFICATION_IS_NOT_TEST_HISTORY_CLOSURE,,DEP-03 | DEP-04 | DEP-05,Malformed payload identity/producer evidence retained; containing-test match history remains separate and unexhausted. Individual source hashes/JUnit nodes are not universal prerequisites.,Custodian/evidence-backed exhaustive seed manifest OR a proved usable finite superset for the required historical scope; original identities only if using identity-based recovery.,"PARTIAL_LOCAL_EVIDENCE_AVAILABLE; exhaustiveness not established; additional retained/backup evidence UNKNOWN. | REGISTERED_WORKSPACES_PRESENT; execution records not bound here; other histories UNKNOWN, not presumed nonexistent or lost. | 653 retained run identities and 377 artifact identities AVAILABLE; two selected older logs HTTP_410; alternate archives UNKNOWN; source reconstruction potentially recoverable."
REC-063,unreadable_record,UNRESOLVED,UNRESOLVED,SYNTHETIC_ARTIFACT_CLASSIFICATION_IS_NOT_TEST_HISTORY_CLOSURE,,DEP-03 | DEP-04 | DEP-05,Malformed payload identity/producer evidence retained; containing-test match history remains separate and unexhausted. Individual source hashes/JUnit nodes are not universal prerequisites.,Custodian/evidence-backed exhaustive seed manifest OR a proved usable finite superset for the required historical scope; original identities only if using identity-based recovery.,"PARTIAL_LOCAL_EVIDENCE_AVAILABLE; exhaustiveness not established; additional retained/backup evidence UNKNOWN. | REGISTERED_WORKSPACES_PRESENT; execution records not bound here; other histories UNKNOWN, not presumed nonexistent or lost. | 653 retained run identities and 377 artifact identities AVAILABLE; two selected older logs HTTP_410; alternate archives UNKNOWN; source reconstruction potentially recoverable."
REC-064,unreadable_record,UNRESOLVED,UNRESOLVED,SYNTHETIC_ARTIFACT_CLASSIFICATION_IS_NOT_TEST_HISTORY_CLOSURE,,DEP-03 | DEP-04 | DEP-05,Malformed payload identity/producer evidence retained; containing-test match history remains separate and unexhausted. Individual source hashes/JUnit nodes are not universal prerequisites.,Custodian/evidence-backed exhaustive seed manifest OR a proved usable finite superset for the required historical scope; original identities only if using identity-based recovery.,"PARTIAL_LOCAL_EVIDENCE_AVAILABLE; exhaustiveness not established; additional retained/backup evidence UNKNOWN. | REGISTERED_WORKSPACES_PRESENT; execution records not bound here; other histories UNKNOWN, not presumed nonexistent or lost. | 653 retained run identities and 377 artifact identities AVAILABLE; two selected older logs HTTP_410; alternate archives UNKNOWN; source reconstruction potentially recoverable."
REC-065,unreadable_record,UNRESOLVED,UNRESOLVED,SYNTHETIC_ARTIFACT_CLASSIFICATION_IS_NOT_TEST_HISTORY_CLOSURE,,DEP-03 | DEP-04 | DEP-05,Malformed payload identity/producer evidence retained; containing-test match history remains separate and unexhausted. Individual source hashes/JUnit nodes are not universal prerequisites.,Custodian/evidence-backed exhaustive seed manifest OR a proved usable finite superset for the required historical scope; original identities only if using identity-based recovery.,"PARTIAL_LOCAL_EVIDENCE_AVAILABLE; exhaustiveness not established; additional retained/backup evidence UNKNOWN. | REGISTERED_WORKSPACES_PRESENT; execution records not bound here; other histories UNKNOWN, not presumed nonexistent or lost. | 653 retained run identities and 377 artifact identities AVAILABLE; two selected older logs HTTP_410; alternate archives UNKNOWN; source reconstruction potentially recoverable."
REC-066,unreadable_record,UNRESOLVED,UNRESOLVED,SYNTHETIC_ARTIFACT_CLASSIFICATION_IS_NOT_TEST_HISTORY_CLOSURE,,DEP-03 | DEP-04 | DEP-05,Malformed payload identity/producer evidence retained; containing-test match history remains separate and unexhausted. Individual source hashes/JUnit nodes are not universal prerequisites.,Custodian/evidence-backed exhaustive seed manifest OR a proved usable finite superset for the required historical scope; original identities only if using identity-based recovery.,"PARTIAL_LOCAL_EVIDENCE_AVAILABLE; exhaustiveness not established; additional retained/backup evidence UNKNOWN. | REGISTERED_WORKSPACES_PRESENT; execution records not bound here; other histories UNKNOWN, not presumed nonexistent or lost. | 653 retained run identities and 377 artifact identities AVAILABLE; two selected older logs HTTP_410; alternate archives UNKNOWN; source reconstruction potentially recoverable."
REC-067,unreadable_record,UNRESOLVED,UNRESOLVED,SYNTHETIC_ARTIFACT_CLASSIFICATION_IS_NOT_TEST_HISTORY_CLOSURE,,DEP-03 | DEP-04 | DEP-05,Malformed payload identity/producer evidence retained; containing-test match history remains separate and unexhausted. Individual source hashes/JUnit nodes are not universal prerequisites.,Custodian/evidence-backed exhaustive seed manifest OR a proved usable finite superset for the required historical scope; original identities only if using identity-based recovery.,"PARTIAL_LOCAL_EVIDENCE_AVAILABLE; exhaustiveness not established; additional retained/backup evidence UNKNOWN. | REGISTERED_WORKSPACES_PRESENT; execution records not bound here; other histories UNKNOWN, not presumed nonexistent or lost. | 653 retained run identities and 377 artifact identities AVAILABLE; two selected older logs HTTP_410; alternate archives UNKNOWN; source reconstruction potentially recoverable."
REC-068,unreadable_record,UNRESOLVED,UNRESOLVED,SYNTHETIC_ARTIFACT_CLASSIFICATION_IS_NOT_TEST_HISTORY_CLOSURE,,DEP-03 | DEP-04 | DEP-05,Malformed payload identity/producer evidence retained; containing-test match history remains separate and unexhausted. Individual source hashes/JUnit nodes are not universal prerequisites.,Custodian/evidence-backed exhaustive seed manifest OR a proved usable finite superset for the required historical scope; original identities only if using identity-based recovery.,"PARTIAL_LOCAL_EVIDENCE_AVAILABLE; exhaustiveness not established; additional retained/backup evidence UNKNOWN. | REGISTERED_WORKSPACES_PRESENT; execution records not bound here; other histories UNKNOWN, not presumed nonexistent or lost. | 653 retained run identities and 377 artifact identities AVAILABLE; two selected older logs HTTP_410; alternate archives UNKNOWN; source reconstruction potentially recoverable."
REC-069,unreadable_record,UNRESOLVED,UNRESOLVED,SYNTHETIC_ARTIFACT_CLASSIFICATION_IS_NOT_TEST_HISTORY_CLOSURE,,DEP-03 | DEP-04 | DEP-05,Malformed payload identity/producer evidence retained; containing-test match history remains separate and unexhausted. Individual source hashes/JUnit nodes are not universal prerequisites.,Custodian/evidence-backed exhaustive seed manifest OR a proved usable finite superset for the required historical scope; original identities only if using identity-based recovery.,"PARTIAL_LOCAL_EVIDENCE_AVAILABLE; exhaustiveness not established; additional retained/backup evidence UNKNOWN. | REGISTERED_WORKSPACES_PRESENT; execution records not bound here; other histories UNKNOWN, not presumed nonexistent or lost. | 653 retained run identities and 377 artifact identities AVAILABLE; two selected older logs HTTP_410; alternate archives UNKNOWN; source reconstruction potentially recoverable."
REC-070,unreadable_record,UNRESOLVED,UNRESOLVED,SYNTHETIC_ARTIFACT_CLASSIFICATION_IS_NOT_TEST_HISTORY_CLOSURE,,DEP-03 | DEP-04 | DEP-05,Malformed payload identity/producer evidence retained; containing-test match history remains separate and unexhausted. Individual source hashes/JUnit nodes are not universal prerequisites.,Custodian/evidence-backed exhaustive seed manifest OR a proved usable finite superset for the required historical scope; original identities only if using identity-based recovery.,"PARTIAL_LOCAL_EVIDENCE_AVAILABLE; exhaustiveness not established; additional retained/backup evidence UNKNOWN. | REGISTERED_WORKSPACES_PRESENT; execution records not bound here; other histories UNKNOWN, not presumed nonexistent or lost. | 653 retained run identities and 377 artifact identities AVAILABLE; two selected older logs HTTP_410; alternate archives UNKNOWN; source reconstruction potentially recoverable."
REC-071,unreadable_record,UNRESOLVED,UNRESOLVED,SYNTHETIC_ARTIFACT_CLASSIFICATION_IS_NOT_TEST_HISTORY_CLOSURE,,DEP-03 | DEP-04 | DEP-05,Malformed payload identity/producer evidence retained; containing-test match history remains separate and unexhausted. Individual source hashes/JUnit nodes are not universal prerequisites.,Custodian/evidence-backed exhaustive seed manifest OR a proved usable finite superset for the required historical scope; original identities only if using identity-based recovery.,"PARTIAL_LOCAL_EVIDENCE_AVAILABLE; exhaustiveness not established; additional retained/backup evidence UNKNOWN. | REGISTERED_WORKSPACES_PRESENT; execution records not bound here; other histories UNKNOWN, not presumed nonexistent or lost. | 653 retained run identities and 377 artifact identities AVAILABLE; two selected older logs HTTP_410; alternate archives UNKNOWN; source reconstruction potentially recoverable."
REC-072,unreadable_record,UNRESOLVED,UNRESOLVED,SYNTHETIC_ARTIFACT_CLASSIFICATION_IS_NOT_TEST_HISTORY_CLOSURE,,DEP-03 | DEP-04 | DEP-05,Malformed payload identity/producer evidence retained; containing-test match history remains separate and unexhausted. Individual source hashes/JUnit nodes are not universal prerequisites.,Custodian/evidence-backed exhaustive seed manifest OR a proved usable finite superset for the required historical scope; original identities only if using identity-based recovery.,"PARTIAL_LOCAL_EVIDENCE_AVAILABLE; exhaustiveness not established; additional retained/backup evidence UNKNOWN. | REGISTERED_WORKSPACES_PRESENT; execution records not bound here; other histories UNKNOWN, not presumed nonexistent or lost. | 653 retained run identities and 377 artifact identities AVAILABLE; two selected older logs HTTP_410; alternate archives UNKNOWN; source reconstruction potentially recoverable."
REC-073,unreadable_record,UNRESOLVED,UNRESOLVED,SYNTHETIC_ARTIFACT_CLASSIFICATION_IS_NOT_TEST_HISTORY_CLOSURE,,DEP-03 | DEP-04 | DEP-05,Malformed payload identity/producer evidence retained; containing-test match history remains separate and unexhausted. Individual source hashes/JUnit nodes are not universal prerequisites.,Custodian/evidence-backed exhaustive seed manifest OR a proved usable finite superset for the required historical scope; original identities only if using identity-based recovery.,"PARTIAL_LOCAL_EVIDENCE_AVAILABLE; exhaustiveness not established; additional retained/backup evidence UNKNOWN. | REGISTERED_WORKSPACES_PRESENT; execution records not bound here; other histories UNKNOWN, not presumed nonexistent or lost. | 653 retained run identities and 377 artifact identities AVAILABLE; two selected older logs HTTP_410; alternate archives UNKNOWN; source reconstruction potentially recoverable."
REC-074,unreadable_record,UNRESOLVED,UNRESOLVED,SYNTHETIC_ARTIFACT_CLASSIFICATION_IS_NOT_TEST_HISTORY_CLOSURE,,DEP-03 | DEP-04 | DEP-05,Malformed payload identity/producer evidence retained; containing-test match history remains separate and unexhausted. Individual source hashes/JUnit nodes are not universal prerequisites.,Custodian/evidence-backed exhaustive seed manifest OR a proved usable finite superset for the required historical scope; original identities only if using identity-based recovery.,"PARTIAL_LOCAL_EVIDENCE_AVAILABLE; exhaustiveness not established; additional retained/backup evidence UNKNOWN. | REGISTERED_WORKSPACES_PRESENT; execution records not bound here; other histories UNKNOWN, not presumed nonexistent or lost. | 653 retained run identities and 377 artifact identities AVAILABLE; two selected older logs HTTP_410; alternate archives UNKNOWN; source reconstruction potentially recoverable."
REC-075,unreadable_record,UNRESOLVED,UNRESOLVED,SYNTHETIC_ARTIFACT_CLASSIFICATION_IS_NOT_TEST_HISTORY_CLOSURE,,DEP-03 | DEP-04 | DEP-05,Malformed payload identity/producer evidence retained; containing-test match history remains separate and unexhausted. Individual source hashes/JUnit nodes are not universal prerequisites.,Custodian/evidence-backed exhaustive seed manifest OR a proved usable finite superset for the required historical scope; original identities only if using identity-based recovery.,"PARTIAL_LOCAL_EVIDENCE_AVAILABLE; exhaustiveness not established; additional retained/backup evidence UNKNOWN. | REGISTERED_WORKSPACES_PRESENT; execution records not bound here; other histories UNKNOWN, not presumed nonexistent or lost. | 653 retained run identities and 377 artifact identities AVAILABLE; two selected older logs HTTP_410; alternate archives UNKNOWN; source reconstruction potentially recoverable."
REC-076,unreadable_record,UNRESOLVED,UNRESOLVED,SYNTHETIC_ARTIFACT_CLASSIFICATION_IS_NOT_TEST_HISTORY_CLOSURE,,DEP-03 | DEP-04 | DEP-05,Malformed payload identity/producer evidence retained; containing-test match history remains separate and unexhausted. Individual source hashes/JUnit nodes are not universal prerequisites.,Custodian/evidence-backed exhaustive seed manifest OR a proved usable finite superset for the required historical scope; original identities only if using identity-based recovery.,"PARTIAL_LOCAL_EVIDENCE_AVAILABLE; exhaustiveness not established; additional retained/backup evidence UNKNOWN. | REGISTERED_WORKSPACES_PRESENT; execution records not bound here; other histories UNKNOWN, not presumed nonexistent or lost. | 653 retained run identities and 377 artifact identities AVAILABLE; two selected older logs HTTP_410; alternate archives UNKNOWN; source reconstruction potentially recoverable."
REC-077,unreadable_record,UNRESOLVED,UNRESOLVED,SYNTHETIC_ARTIFACT_CLASSIFICATION_IS_NOT_TEST_HISTORY_CLOSURE,,DEP-03 | DEP-04 | DEP-05,Malformed payload identity/producer evidence retained; containing-test match history remains separate and unexhausted. Individual source hashes/JUnit nodes are not universal prerequisites.,Custodian/evidence-backed exhaustive seed manifest OR a proved usable finite superset for the required historical scope; original identities only if using identity-based recovery.,"PARTIAL_LOCAL_EVIDENCE_AVAILABLE; exhaustiveness not established; additional retained/backup evidence UNKNOWN. | REGISTERED_WORKSPACES_PRESENT; execution records not bound here; other histories UNKNOWN, not presumed nonexistent or lost. | 653 retained run identities and 377 artifact identities AVAILABLE; two selected older logs HTTP_410; alternate archives UNKNOWN; source reconstruction potentially recoverable."
REC-078,unreadable_record,UNRESOLVED,UNRESOLVED,SYNTHETIC_ARTIFACT_CLASSIFICATION_IS_NOT_TEST_HISTORY_CLOSURE,,DEP-03 | DEP-04 | DEP-05,Malformed payload identity/producer evidence retained; containing-test match history remains separate and unexhausted. Individual source hashes/JUnit nodes are not universal prerequisites.,Custodian/evidence-backed exhaustive seed manifest OR a proved usable finite superset for the required historical scope; original identities only if using identity-based recovery.,"PARTIAL_LOCAL_EVIDENCE_AVAILABLE; exhaustiveness not established; additional retained/backup evidence UNKNOWN. | REGISTERED_WORKSPACES_PRESENT; execution records not bound here; other histories UNKNOWN, not presumed nonexistent or lost. | 653 retained run identities and 377 artifact identities AVAILABLE; two selected older logs HTTP_410; alternate archives UNKNOWN; source reconstruction potentially recoverable."
REC-079,unreadable_record,UNRESOLVED,UNRESOLVED,SYNTHETIC_ARTIFACT_CLASSIFICATION_IS_NOT_TEST_HISTORY_CLOSURE,,DEP-03 | DEP-04 | DEP-05,Malformed payload identity/producer evidence retained; containing-test match history remains separate and unexhausted. Individual source hashes/JUnit nodes are not universal prerequisites.,Custodian/evidence-backed exhaustive seed manifest OR a proved usable finite superset for the required historical scope; original identities only if using identity-based recovery.,"PARTIAL_LOCAL_EVIDENCE_AVAILABLE; exhaustiveness not established; additional retained/backup evidence UNKNOWN. | REGISTERED_WORKSPACES_PRESENT; execution records not bound here; other histories UNKNOWN, not presumed nonexistent or lost. | 653 retained run identities and 377 artifact identities AVAILABLE; two selected older logs HTTP_410; alternate archives UNKNOWN; source reconstruction potentially recoverable."
REC-080,unreadable_record,UNRESOLVED,UNRESOLVED,SYNTHETIC_ARTIFACT_CLASSIFICATION_IS_NOT_TEST_HISTORY_CLOSURE,,DEP-03 | DEP-04 | DEP-05,Malformed payload identity/producer evidence retained; containing-test match history remains separate and unexhausted. Individual source hashes/JUnit nodes are not universal prerequisites.,Custodian/evidence-backed exhaustive seed manifest OR a proved usable finite superset for the required historical scope; original identities only if using identity-based recovery.,"PARTIAL_LOCAL_EVIDENCE_AVAILABLE; exhaustiveness not established; additional retained/backup evidence UNKNOWN. | REGISTERED_WORKSPACES_PRESENT; execution records not bound here; other histories UNKNOWN, not presumed nonexistent or lost. | 653 retained run identities and 377 artifact identities AVAILABLE; two selected older logs HTTP_410; alternate archives UNKNOWN; source reconstruction potentially recoverable."
REC-081,unreadable_record,UNRESOLVED,UNRESOLVED,SYNTHETIC_ARTIFACT_CLASSIFICATION_IS_NOT_TEST_HISTORY_CLOSURE,,DEP-03 | DEP-04 | DEP-05,Malformed payload identity/producer evidence retained; containing-test match history remains separate and unexhausted. Individual source hashes/JUnit nodes are not universal prerequisites.,Custodian/evidence-backed exhaustive seed manifest OR a proved usable finite superset for the required historical scope; original identities only if using identity-based recovery.,"PARTIAL_LOCAL_EVIDENCE_AVAILABLE; exhaustiveness not established; additional retained/backup evidence UNKNOWN. | REGISTERED_WORKSPACES_PRESENT; execution records not bound here; other histories UNKNOWN, not presumed nonexistent or lost. | 653 retained run identities and 377 artifact identities AVAILABLE; two selected older logs HTTP_410; alternate archives UNKNOWN; source reconstruction potentially recoverable."
REC-082,unreadable_record,UNRESOLVED,UNRESOLVED,SYNTHETIC_ARTIFACT_CLASSIFICATION_IS_NOT_TEST_HISTORY_CLOSURE,,DEP-03 | DEP-04 | DEP-05,Malformed payload identity/producer evidence retained; containing-test match history remains separate and unexhausted. Individual source hashes/JUnit nodes are not universal prerequisites.,Custodian/evidence-backed exhaustive seed manifest OR a proved usable finite superset for the required historical scope; original identities only if using identity-based recovery.,"PARTIAL_LOCAL_EVIDENCE_AVAILABLE; exhaustiveness not established; additional retained/backup evidence UNKNOWN. | REGISTERED_WORKSPACES_PRESENT; execution records not bound here; other histories UNKNOWN, not presumed nonexistent or lost. | 653 retained run identities and 377 artifact identities AVAILABLE; two selected older logs HTTP_410; alternate archives UNKNOWN; source reconstruction potentially recoverable."
REC-083,unreadable_record,UNRESOLVED,UNRESOLVED,SYNTHETIC_ARTIFACT_CLASSIFICATION_IS_NOT_TEST_HISTORY_CLOSURE,,DEP-03 | DEP-04 | DEP-05,Malformed payload identity/producer evidence retained; containing-test match history remains separate and unexhausted. Individual source hashes/JUnit nodes are not universal prerequisites.,Custodian/evidence-backed exhaustive seed manifest OR a proved usable finite superset for the required historical scope; original identities only if using identity-based recovery.,"PARTIAL_LOCAL_EVIDENCE_AVAILABLE; exhaustiveness not established; additional retained/backup evidence UNKNOWN. | REGISTERED_WORKSPACES_PRESENT; execution records not bound here; other histories UNKNOWN, not presumed nonexistent or lost. | 653 retained run identities and 377 artifact identities AVAILABLE; two selected older logs HTTP_410; alternate archives UNKNOWN; source reconstruction potentially recoverable."
REC-084,unreadable_record,UNRESOLVED,UNRESOLVED,SYNTHETIC_ARTIFACT_CLASSIFICATION_IS_NOT_TEST_HISTORY_CLOSURE,,DEP-03 | DEP-04 | DEP-05,Malformed payload identity/producer evidence retained; containing-test match history remains separate and unexhausted. Individual source hashes/JUnit nodes are not universal prerequisites.,Custodian/evidence-backed exhaustive seed manifest OR a proved usable finite superset for the required historical scope; original identities only if using identity-based recovery.,"PARTIAL_LOCAL_EVIDENCE_AVAILABLE; exhaustiveness not established; additional retained/backup evidence UNKNOWN. | REGISTERED_WORKSPACES_PRESENT; execution records not bound here; other histories UNKNOWN, not presumed nonexistent or lost. | 653 retained run identities and 377 artifact identities AVAILABLE; two selected older logs HTTP_410; alternate archives UNKNOWN; source reconstruction potentially recoverable."
REC-085,unreadable_record,UNRESOLVED,UNRESOLVED,SYNTHETIC_ARTIFACT_CLASSIFICATION_IS_NOT_TEST_HISTORY_CLOSURE,,DEP-03 | DEP-04 | DEP-05,Malformed payload identity/producer evidence retained; containing-test match history remains separate and unexhausted. Individual source hashes/JUnit nodes are not universal prerequisites.,Custodian/evidence-backed exhaustive seed manifest OR a proved usable finite superset for the required historical scope; original identities only if using identity-based recovery.,"PARTIAL_LOCAL_EVIDENCE_AVAILABLE; exhaustiveness not established; additional retained/backup evidence UNKNOWN. | REGISTERED_WORKSPACES_PRESENT; execution records not bound here; other histories UNKNOWN, not presumed nonexistent or lost. | 653 retained run identities and 377 artifact identities AVAILABLE; two selected older logs HTTP_410; alternate archives UNKNOWN; source reconstruction potentially recoverable."
REC-086,unreadable_record,UNRESOLVED,UNRESOLVED,SYNTHETIC_ARTIFACT_CLASSIFICATION_IS_NOT_TEST_HISTORY_CLOSURE,,DEP-03 | DEP-04 | DEP-05,Malformed payload identity/producer evidence retained; containing-test match history remains separate and unexhausted. Individual source hashes/JUnit nodes are not universal prerequisites.,Custodian/evidence-backed exhaustive seed manifest OR a proved usable finite superset for the required historical scope; original identities only if using identity-based recovery.,"PARTIAL_LOCAL_EVIDENCE_AVAILABLE; exhaustiveness not established; additional retained/backup evidence UNKNOWN. | REGISTERED_WORKSPACES_PRESENT; execution records not bound here; other histories UNKNOWN, not presumed nonexistent or lost. | 653 retained run identities and 377 artifact identities AVAILABLE; two selected older logs HTTP_410; alternate archives UNKNOWN; source reconstruction potentially recoverable."
REC-087,unreadable_record,UNRESOLVED,UNRESOLVED,IDENTIFIED_RETAINED_EXECUTIONS_COVERED,SEED-0043,DEP-03 | DEP-04 | DEP-05,"Actual recorded seed of each identified retained instance is included. Remaining dependency is exhaustive historical family coverage, not recovery of those recorded values.",Custodian/evidence-backed exhaustive seed manifest OR a proved usable finite superset for the required historical scope; original identities only if using identity-based recovery.,"PARTIAL_LOCAL_EVIDENCE_AVAILABLE; exhaustiveness not established; additional retained/backup evidence UNKNOWN. | REGISTERED_WORKSPACES_PRESENT; execution records not bound here; other histories UNKNOWN, not presumed nonexistent or lost. | 653 retained run identities and 377 artifact identities AVAILABLE; two selected older logs HTTP_410; alternate archives UNKNOWN; source reconstruction potentially recoverable."
REC-088,unreadable_record,UNRESOLVED,UNRESOLVED,SYNTHETIC_ARTIFACT_CLASSIFICATION_IS_NOT_TEST_HISTORY_CLOSURE,,DEP-03 | DEP-04 | DEP-05,Malformed payload identity/producer evidence retained; containing-test match history remains separate and unexhausted. Individual source hashes/JUnit nodes are not universal prerequisites.,Custodian/evidence-backed exhaustive seed manifest OR a proved usable finite superset for the required historical scope; original identities only if using identity-based recovery.,"PARTIAL_LOCAL_EVIDENCE_AVAILABLE; exhaustiveness not established; additional retained/backup evidence UNKNOWN. | REGISTERED_WORKSPACES_PRESENT; execution records not bound here; other histories UNKNOWN, not presumed nonexistent or lost. | 653 retained run identities and 377 artifact identities AVAILABLE; two selected older logs HTTP_410; alternate archives UNKNOWN; source reconstruction potentially recoverable."
REC-089,unreadable_record,UNRESOLVED,UNRESOLVED,SYNTHETIC_ARTIFACT_CLASSIFICATION_IS_NOT_TEST_HISTORY_CLOSURE,,DEP-03 | DEP-04 | DEP-05,Malformed payload identity/producer evidence retained; containing-test match history remains separate and unexhausted. Individual source hashes/JUnit nodes are not universal prerequisites.,Custodian/evidence-backed exhaustive seed manifest OR a proved usable finite superset for the required historical scope; original identities only if using identity-based recovery.,"PARTIAL_LOCAL_EVIDENCE_AVAILABLE; exhaustiveness not established; additional retained/backup evidence UNKNOWN. | REGISTERED_WORKSPACES_PRESENT; execution records not bound here; other histories UNKNOWN, not presumed nonexistent or lost. | 653 retained run identities and 377 artifact identities AVAILABLE; two selected older logs HTTP_410; alternate archives UNKNOWN; source reconstruction potentially recoverable."
REC-090,unreadable_record,UNRESOLVED,UNRESOLVED,SYNTHETIC_ARTIFACT_CLASSIFICATION_IS_NOT_TEST_HISTORY_CLOSURE,,DEP-03 | DEP-04 | DEP-05,Malformed payload identity/producer evidence retained; containing-test match history remains separate and unexhausted. Individual source hashes/JUnit nodes are not universal prerequisites.,Custodian/evidence-backed exhaustive seed manifest OR a proved usable finite superset for the required historical scope; original identities only if using identity-based recovery.,"PARTIAL_LOCAL_EVIDENCE_AVAILABLE; exhaustiveness not established; additional retained/backup evidence UNKNOWN. | REGISTERED_WORKSPACES_PRESENT; execution records not bound here; other histories UNKNOWN, not presumed nonexistent or lost. | 653 retained run identities and 377 artifact identities AVAILABLE; two selected older logs HTTP_410; alternate archives UNKNOWN; source reconstruction potentially recoverable."
REC-091,unreadable_record,UNRESOLVED,UNRESOLVED,SYNTHETIC_ARTIFACT_CLASSIFICATION_IS_NOT_TEST_HISTORY_CLOSURE,,DEP-03 | DEP-04 | DEP-05,Malformed payload identity/producer evidence retained; containing-test match history remains separate and unexhausted. Individual source hashes/JUnit nodes are not universal prerequisites.,Custodian/evidence-backed exhaustive seed manifest OR a proved usable finite superset for the required historical scope; original identities only if using identity-based recovery.,"PARTIAL_LOCAL_EVIDENCE_AVAILABLE; exhaustiveness not established; additional retained/backup evidence UNKNOWN. | REGISTERED_WORKSPACES_PRESENT; execution records not bound here; other histories UNKNOWN, not presumed nonexistent or lost. | 653 retained run identities and 377 artifact identities AVAILABLE; two selected older logs HTTP_410; alternate archives UNKNOWN; source reconstruction potentially recoverable."
REC-092,unreadable_record,UNRESOLVED,UNRESOLVED,SYNTHETIC_ARTIFACT_CLASSIFICATION_IS_NOT_TEST_HISTORY_CLOSURE,,DEP-03 | DEP-04 | DEP-05,Malformed payload identity/producer evidence retained; containing-test match history remains separate and unexhausted. Individual source hashes/JUnit nodes are not universal prerequisites.,Custodian/evidence-backed exhaustive seed manifest OR a proved usable finite superset for the required historical scope; original identities only if using identity-based recovery.,"PARTIAL_LOCAL_EVIDENCE_AVAILABLE; exhaustiveness not established; additional retained/backup evidence UNKNOWN. | REGISTERED_WORKSPACES_PRESENT; execution records not bound here; other histories UNKNOWN, not presumed nonexistent or lost. | 653 retained run identities and 377 artifact identities AVAILABLE; two selected older logs HTTP_410; alternate archives UNKNOWN; source reconstruction potentially recoverable."
REC-093,unreadable_record,UNRESOLVED,UNRESOLVED,SYNTHETIC_ARTIFACT_CLASSIFICATION_IS_NOT_TEST_HISTORY_CLOSURE,,DEP-03 | DEP-04 | DEP-05,Malformed payload identity/producer evidence retained; containing-test match history remains separate and unexhausted. Individual source hashes/JUnit nodes are not universal prerequisites.,Custodian/evidence-backed exhaustive seed manifest OR a proved usable finite superset for the required historical scope; original identities only if using identity-based recovery.,"PARTIAL_LOCAL_EVIDENCE_AVAILABLE; exhaustiveness not established; additional retained/backup evidence UNKNOWN. | REGISTERED_WORKSPACES_PRESENT; execution records not bound here; other histories UNKNOWN, not presumed nonexistent or lost. | 653 retained run identities and 377 artifact identities AVAILABLE; two selected older logs HTTP_410; alternate archives UNKNOWN; source reconstruction potentially recoverable."
REC-094,unreadable_record,UNRESOLVED,UNRESOLVED,SYNTHETIC_ARTIFACT_CLASSIFICATION_IS_NOT_TEST_HISTORY_CLOSURE,,DEP-03 | DEP-04 | DEP-05,Malformed payload identity/producer evidence retained; containing-test match history remains separate and unexhausted. Individual source hashes/JUnit nodes are not universal prerequisites.,Custodian/evidence-backed exhaustive seed manifest OR a proved usable finite superset for the required historical scope; original identities only if using identity-based recovery.,"PARTIAL_LOCAL_EVIDENCE_AVAILABLE; exhaustiveness not established; additional retained/backup evidence UNKNOWN. | REGISTERED_WORKSPACES_PRESENT; execution records not bound here; other histories UNKNOWN, not presumed nonexistent or lost. | 653 retained run identities and 377 artifact identities AVAILABLE; two selected older logs HTTP_410; alternate archives UNKNOWN; source reconstruction potentially recoverable."
REC-095,unreadable_record,UNRESOLVED,UNRESOLVED,SYNTHETIC_ARTIFACT_CLASSIFICATION_IS_NOT_TEST_HISTORY_CLOSURE,,DEP-03 | DEP-04 | DEP-05,Malformed payload identity/producer evidence retained; containing-test match history remains separate and unexhausted. Individual source hashes/JUnit nodes are not universal prerequisites.,Custodian/evidence-backed exhaustive seed manifest OR a proved usable finite superset for the required historical scope; original identities only if using identity-based recovery.,"PARTIAL_LOCAL_EVIDENCE_AVAILABLE; exhaustiveness not established; additional retained/backup evidence UNKNOWN. | REGISTERED_WORKSPACES_PRESENT; execution records not bound here; other histories UNKNOWN, not presumed nonexistent or lost. | 653 retained run identities and 377 artifact identities AVAILABLE; two selected older logs HTTP_410; alternate archives UNKNOWN; source reconstruction potentially recoverable."
REC-096,unreadable_record,UNRESOLVED,UNRESOLVED,IDENTIFIED_RETAINED_EXECUTIONS_COVERED,SEED-0147,DEP-03 | DEP-04 | DEP-05,"Actual recorded seed of each identified retained instance is included. Remaining dependency is exhaustive historical family coverage, not recovery of those recorded values.",Custodian/evidence-backed exhaustive seed manifest OR a proved usable finite superset for the required historical scope; original identities only if using identity-based recovery.,"PARTIAL_LOCAL_EVIDENCE_AVAILABLE; exhaustiveness not established; additional retained/backup evidence UNKNOWN. | REGISTERED_WORKSPACES_PRESENT; execution records not bound here; other histories UNKNOWN, not presumed nonexistent or lost. | 653 retained run identities and 377 artifact identities AVAILABLE; two selected older logs HTTP_410; alternate archives UNKNOWN; source reconstruction potentially recoverable."
REC-097,unreadable_record,UNRESOLVED,UNRESOLVED,SYNTHETIC_ARTIFACT_CLASSIFICATION_IS_NOT_TEST_HISTORY_CLOSURE,,DEP-03 | DEP-04 | DEP-05,Malformed payload identity/producer evidence retained; containing-test match history remains separate and unexhausted. Individual source hashes/JUnit nodes are not universal prerequisites.,Custodian/evidence-backed exhaustive seed manifest OR a proved usable finite superset for the required historical scope; original identities only if using identity-based recovery.,"PARTIAL_LOCAL_EVIDENCE_AVAILABLE; exhaustiveness not established; additional retained/backup evidence UNKNOWN. | REGISTERED_WORKSPACES_PRESENT; execution records not bound here; other histories UNKNOWN, not presumed nonexistent or lost. | 653 retained run identities and 377 artifact identities AVAILABLE; two selected older logs HTTP_410; alternate archives UNKNOWN; source reconstruction potentially recoverable."
REC-098,unreadable_record,UNRESOLVED,UNRESOLVED,SYNTHETIC_ARTIFACT_CLASSIFICATION_IS_NOT_TEST_HISTORY_CLOSURE,,DEP-03 | DEP-04 | DEP-05,Malformed payload identity/producer evidence retained; containing-test match history remains separate and unexhausted. Individual source hashes/JUnit nodes are not universal prerequisites.,Custodian/evidence-backed exhaustive seed manifest OR a proved usable finite superset for the required historical scope; original identities only if using identity-based recovery.,"PARTIAL_LOCAL_EVIDENCE_AVAILABLE; exhaustiveness not established; additional retained/backup evidence UNKNOWN. | REGISTERED_WORKSPACES_PRESENT; execution records not bound here; other histories UNKNOWN, not presumed nonexistent or lost. | 653 retained run identities and 377 artifact identities AVAILABLE; two selected older logs HTTP_410; alternate archives UNKNOWN; source reconstruction potentially recoverable."
REC-099,unreadable_record,UNRESOLVED,UNRESOLVED,SYNTHETIC_ARTIFACT_CLASSIFICATION_IS_NOT_TEST_HISTORY_CLOSURE,,DEP-03 | DEP-04 | DEP-05,Malformed payload identity/producer evidence retained; containing-test match history remains separate and unexhausted. Individual source hashes/JUnit nodes are not universal prerequisites.,Custodian/evidence-backed exhaustive seed manifest OR a proved usable finite superset for the required historical scope; original identities only if using identity-based recovery.,"PARTIAL_LOCAL_EVIDENCE_AVAILABLE; exhaustiveness not established; additional retained/backup evidence UNKNOWN. | REGISTERED_WORKSPACES_PRESENT; execution records not bound here; other histories UNKNOWN, not presumed nonexistent or lost. | 653 retained run identities and 377 artifact identities AVAILABLE; two selected older logs HTTP_410; alternate archives UNKNOWN; source reconstruction potentially recoverable."
REC-100,unreadable_record,UNRESOLVED,UNRESOLVED,SYNTHETIC_ARTIFACT_CLASSIFICATION_IS_NOT_TEST_HISTORY_CLOSURE,,DEP-03 | DEP-04 | DEP-05,Malformed payload identity/producer evidence retained; containing-test match history remains separate and unexhausted. Individual source hashes/JUnit nodes are not universal prerequisites.,Custodian/evidence-backed exhaustive seed manifest OR a proved usable finite superset for the required historical scope; original identities only if using identity-based recovery.,"PARTIAL_LOCAL_EVIDENCE_AVAILABLE; exhaustiveness not established; additional retained/backup evidence UNKNOWN. | REGISTERED_WORKSPACES_PRESENT; execution records not bound here; other histories UNKNOWN, not presumed nonexistent or lost. | 653 retained run identities and 377 artifact identities AVAILABLE; two selected older logs HTTP_410; alternate archives UNKNOWN; source reconstruction potentially recoverable."
REC-101,unreadable_record,UNRESOLVED,UNRESOLVED,SYNTHETIC_ARTIFACT_CLASSIFICATION_IS_NOT_TEST_HISTORY_CLOSURE,,DEP-03 | DEP-04 | DEP-05,Malformed payload identity/producer evidence retained; containing-test match history remains separate and unexhausted. Individual source hashes/JUnit nodes are not universal prerequisites.,Custodian/evidence-backed exhaustive seed manifest OR a proved usable finite superset for the required historical scope; original identities only if using identity-based recovery.,"PARTIAL_LOCAL_EVIDENCE_AVAILABLE; exhaustiveness not established; additional retained/backup evidence UNKNOWN. | REGISTERED_WORKSPACES_PRESENT; execution records not bound here; other histories UNKNOWN, not presumed nonexistent or lost. | 653 retained run identities and 377 artifact identities AVAILABLE; two selected older logs HTTP_410; alternate archives UNKNOWN; source reconstruction potentially recoverable."
REC-102,unreadable_record,UNRESOLVED,UNRESOLVED,SYNTHETIC_ARTIFACT_CLASSIFICATION_IS_NOT_TEST_HISTORY_CLOSURE,,DEP-03 | DEP-04 | DEP-05,Malformed payload identity/producer evidence retained; containing-test match history remains separate and unexhausted. Individual source hashes/JUnit nodes are not universal prerequisites.,Custodian/evidence-backed exhaustive seed manifest OR a proved usable finite superset for the required historical scope; original identities only if using identity-based recovery.,"PARTIAL_LOCAL_EVIDENCE_AVAILABLE; exhaustiveness not established; additional retained/backup evidence UNKNOWN. | REGISTERED_WORKSPACES_PRESENT; execution records not bound here; other histories UNKNOWN, not presumed nonexistent or lost. | 653 retained run identities and 377 artifact identities AVAILABLE; two selected older logs HTTP_410; alternate archives UNKNOWN; source reconstruction potentially recoverable."
REC-103,unreadable_record,UNRESOLVED,UNRESOLVED,SYNTHETIC_ARTIFACT_CLASSIFICATION_IS_NOT_TEST_HISTORY_CLOSURE,,DEP-03 | DEP-04 | DEP-05,Malformed payload identity/producer evidence retained; containing-test match history remains separate and unexhausted. Individual source hashes/JUnit nodes are not universal prerequisites.,Custodian/evidence-backed exhaustive seed manifest OR a proved usable finite superset for the required historical scope; original identities only if using identity-based recovery.,"PARTIAL_LOCAL_EVIDENCE_AVAILABLE; exhaustiveness not established; additional retained/backup evidence UNKNOWN. | REGISTERED_WORKSPACES_PRESENT; execution records not bound here; other histories UNKNOWN, not presumed nonexistent or lost. | 653 retained run identities and 377 artifact identities AVAILABLE; two selected older logs HTTP_410; alternate archives UNKNOWN; source reconstruction potentially recoverable."
REC-104,unreadable_record,UNRESOLVED,UNRESOLVED,SYNTHETIC_ARTIFACT_CLASSIFICATION_IS_NOT_TEST_HISTORY_CLOSURE,,DEP-03 | DEP-04 | DEP-05,Malformed payload identity/producer evidence retained; containing-test match history remains separate and unexhausted. Individual source hashes/JUnit nodes are not universal prerequisites.,Custodian/evidence-backed exhaustive seed manifest OR a proved usable finite superset for the required historical scope; original identities only if using identity-based recovery.,"PARTIAL_LOCAL_EVIDENCE_AVAILABLE; exhaustiveness not established; additional retained/backup evidence UNKNOWN. | REGISTERED_WORKSPACES_PRESENT; execution records not bound here; other histories UNKNOWN, not presumed nonexistent or lost. | 653 retained run identities and 377 artifact identities AVAILABLE; two selected older logs HTTP_410; alternate archives UNKNOWN; source reconstruction potentially recoverable."
REC-105,unreadable_record,UNRESOLVED,UNRESOLVED,SYNTHETIC_ARTIFACT_CLASSIFICATION_IS_NOT_TEST_HISTORY_CLOSURE,,DEP-03 | DEP-04 | DEP-05,Malformed payload identity/producer evidence retained; containing-test match history remains separate and unexhausted. Individual source hashes/JUnit nodes are not universal prerequisites.,Custodian/evidence-backed exhaustive seed manifest OR a proved usable finite superset for the required historical scope; original identities only if using identity-based recovery.,"PARTIAL_LOCAL_EVIDENCE_AVAILABLE; exhaustiveness not established; additional retained/backup evidence UNKNOWN. | REGISTERED_WORKSPACES_PRESENT; execution records not bound here; other histories UNKNOWN, not presumed nonexistent or lost. | 653 retained run identities and 377 artifact identities AVAILABLE; two selected older logs HTTP_410; alternate archives UNKNOWN; source reconstruction potentially recoverable."
REC-106,unreadable_record,UNRESOLVED,UNRESOLVED,SYNTHETIC_ARTIFACT_CLASSIFICATION_IS_NOT_TEST_HISTORY_CLOSURE,,DEP-03 | DEP-04 | DEP-05,Malformed payload identity/producer evidence retained; containing-test match history remains separate and unexhausted. Individual source hashes/JUnit nodes are not universal prerequisites.,Custodian/evidence-backed exhaustive seed manifest OR a proved usable finite superset for the required historical scope; original identities only if using identity-based recovery.,"PARTIAL_LOCAL_EVIDENCE_AVAILABLE; exhaustiveness not established; additional retained/backup evidence UNKNOWN. | REGISTERED_WORKSPACES_PRESENT; execution records not bound here; other histories UNKNOWN, not presumed nonexistent or lost. | 653 retained run identities and 377 artifact identities AVAILABLE; two selected older logs HTTP_410; alternate archives UNKNOWN; source reconstruction potentially recoverable."
REC-107,unreadable_record,UNRESOLVED,UNRESOLVED,SYNTHETIC_ARTIFACT_CLASSIFICATION_IS_NOT_TEST_HISTORY_CLOSURE,,DEP-03 | DEP-04 | DEP-05,Malformed payload identity/producer evidence retained; containing-test match history remains separate and unexhausted. Individual source hashes/JUnit nodes are not universal prerequisites.,Custodian/evidence-backed exhaustive seed manifest OR a proved usable finite superset for the required historical scope; original identities only if using identity-based recovery.,"PARTIAL_LOCAL_EVIDENCE_AVAILABLE; exhaustiveness not established; additional retained/backup evidence UNKNOWN. | REGISTERED_WORKSPACES_PRESENT; execution records not bound here; other histories UNKNOWN, not presumed nonexistent or lost. | 653 retained run identities and 377 artifact identities AVAILABLE; two selected older logs HTTP_410; alternate archives UNKNOWN; source reconstruction potentially recoverable."
REC-108,unreadable_record,UNRESOLVED,UNRESOLVED,SYNTHETIC_ARTIFACT_CLASSIFICATION_IS_NOT_TEST_HISTORY_CLOSURE,,DEP-03 | DEP-04 | DEP-05,Malformed payload identity/producer evidence retained; containing-test match history remains separate and unexhausted. Individual source hashes/JUnit nodes are not universal prerequisites.,Custodian/evidence-backed exhaustive seed manifest OR a proved usable finite superset for the required historical scope; original identities only if using identity-based recovery.,"PARTIAL_LOCAL_EVIDENCE_AVAILABLE; exhaustiveness not established; additional retained/backup evidence UNKNOWN. | REGISTERED_WORKSPACES_PRESENT; execution records not bound here; other histories UNKNOWN, not presumed nonexistent or lost. | 653 retained run identities and 377 artifact identities AVAILABLE; two selected older logs HTTP_410; alternate archives UNKNOWN; source reconstruction potentially recoverable."
REC-109,unreadable_record,UNRESOLVED,UNRESOLVED,SYNTHETIC_ARTIFACT_CLASSIFICATION_IS_NOT_TEST_HISTORY_CLOSURE,,DEP-03 | DEP-04 | DEP-05,Malformed payload identity/producer evidence retained; containing-test match history remains separate and unexhausted. Individual source hashes/JUnit nodes are not universal prerequisites.,Custodian/evidence-backed exhaustive seed manifest OR a proved usable finite superset for the required historical scope; original identities only if using identity-based recovery.,"PARTIAL_LOCAL_EVIDENCE_AVAILABLE; exhaustiveness not established; additional retained/backup evidence UNKNOWN. | REGISTERED_WORKSPACES_PRESENT; execution records not bound here; other histories UNKNOWN, not presumed nonexistent or lost. | 653 retained run identities and 377 artifact identities AVAILABLE; two selected older logs HTTP_410; alternate archives UNKNOWN; source reconstruction potentially recoverable."
REC-110,unreadable_record,UNRESOLVED,UNRESOLVED,SYNTHETIC_ARTIFACT_CLASSIFICATION_IS_NOT_TEST_HISTORY_CLOSURE,,DEP-03 | DEP-04 | DEP-05,Malformed payload identity/producer evidence retained; containing-test match history remains separate and unexhausted. Individual source hashes/JUnit nodes are not universal prerequisites.,Custodian/evidence-backed exhaustive seed manifest OR a proved usable finite superset for the required historical scope; original identities only if using identity-based recovery.,"PARTIAL_LOCAL_EVIDENCE_AVAILABLE; exhaustiveness not established; additional retained/backup evidence UNKNOWN. | REGISTERED_WORKSPACES_PRESENT; execution records not bound here; other histories UNKNOWN, not presumed nonexistent or lost. | 653 retained run identities and 377 artifact identities AVAILABLE; two selected older logs HTTP_410; alternate archives UNKNOWN; source reconstruction potentially recoverable."
REC-111,unreadable_record,UNRESOLVED,UNRESOLVED,SYNTHETIC_ARTIFACT_CLASSIFICATION_IS_NOT_TEST_HISTORY_CLOSURE,,DEP-03 | DEP-04 | DEP-05,Malformed payload identity/producer evidence retained; containing-test match history remains separate and unexhausted. Individual source hashes/JUnit nodes are not universal prerequisites.,Custodian/evidence-backed exhaustive seed manifest OR a proved usable finite superset for the required historical scope; original identities only if using identity-based recovery.,"PARTIAL_LOCAL_EVIDENCE_AVAILABLE; exhaustiveness not established; additional retained/backup evidence UNKNOWN. | REGISTERED_WORKSPACES_PRESENT; execution records not bound here; other histories UNKNOWN, not presumed nonexistent or lost. | 653 retained run identities and 377 artifact identities AVAILABLE; two selected older logs HTTP_410; alternate archives UNKNOWN; source reconstruction potentially recoverable."
REC-112,unreadable_record,UNRESOLVED,UNRESOLVED,SYNTHETIC_ARTIFACT_CLASSIFICATION_IS_NOT_TEST_HISTORY_CLOSURE,,DEP-03 | DEP-04 | DEP-05,Malformed payload identity/producer evidence retained; containing-test match history remains separate and unexhausted. Individual source hashes/JUnit nodes are not universal prerequisites.,Custodian/evidence-backed exhaustive seed manifest OR a proved usable finite superset for the required historical scope; original identities only if using identity-based recovery.,"PARTIAL_LOCAL_EVIDENCE_AVAILABLE; exhaustiveness not established; additional retained/backup evidence UNKNOWN. | REGISTERED_WORKSPACES_PRESENT; execution records not bound here; other histories UNKNOWN, not presumed nonexistent or lost. | 653 retained run identities and 377 artifact identities AVAILABLE; two selected older logs HTTP_410; alternate archives UNKNOWN; source reconstruction potentially recoverable."
REC-113,unreadable_record,UNRESOLVED,UNRESOLVED,SYNTHETIC_ARTIFACT_CLASSIFICATION_IS_NOT_TEST_HISTORY_CLOSURE,,DEP-03 | DEP-04 | DEP-05,Malformed payload identity/producer evidence retained; containing-test match history remains separate and unexhausted. Individual source hashes/JUnit nodes are not universal prerequisites.,Custodian/evidence-backed exhaustive seed manifest OR a proved usable finite superset for the required historical scope; original identities only if using identity-based recovery.,"PARTIAL_LOCAL_EVIDENCE_AVAILABLE; exhaustiveness not established; additional retained/backup evidence UNKNOWN. | REGISTERED_WORKSPACES_PRESENT; execution records not bound here; other histories UNKNOWN, not presumed nonexistent or lost. | 653 retained run identities and 377 artifact identities AVAILABLE; two selected older logs HTTP_410; alternate archives UNKNOWN; source reconstruction potentially recoverable."
REC-114,unreadable_record,UNRESOLVED,UNRESOLVED,SYNTHETIC_ARTIFACT_CLASSIFICATION_IS_NOT_TEST_HISTORY_CLOSURE,,DEP-03 | DEP-04 | DEP-05,Malformed payload identity/producer evidence retained; containing-test match history remains separate and unexhausted. Individual source hashes/JUnit nodes are not universal prerequisites.,Custodian/evidence-backed exhaustive seed manifest OR a proved usable finite superset for the required historical scope; original identities only if using identity-based recovery.,"PARTIAL_LOCAL_EVIDENCE_AVAILABLE; exhaustiveness not established; additional retained/backup evidence UNKNOWN. | REGISTERED_WORKSPACES_PRESENT; execution records not bound here; other histories UNKNOWN, not presumed nonexistent or lost. | 653 retained run identities and 377 artifact identities AVAILABLE; two selected older logs HTTP_410; alternate archives UNKNOWN; source reconstruction potentially recoverable."
REC-115,unreadable_record,UNRESOLVED,UNRESOLVED,SYNTHETIC_ARTIFACT_CLASSIFICATION_IS_NOT_TEST_HISTORY_CLOSURE,,DEP-03 | DEP-04 | DEP-05,Malformed payload identity/producer evidence retained; containing-test match history remains separate and unexhausted. Individual source hashes/JUnit nodes are not universal prerequisites.,Custodian/evidence-backed exhaustive seed manifest OR a proved usable finite superset for the required historical scope; original identities only if using identity-based recovery.,"PARTIAL_LOCAL_EVIDENCE_AVAILABLE; exhaustiveness not established; additional retained/backup evidence UNKNOWN. | REGISTERED_WORKSPACES_PRESENT; execution records not bound here; other histories UNKNOWN, not presumed nonexistent or lost. | 653 retained run identities and 377 artifact identities AVAILABLE; two selected older logs HTTP_410; alternate archives UNKNOWN; source reconstruction potentially recoverable."
REC-116,unreadable_record,UNRESOLVED,UNRESOLVED,SYNTHETIC_ARTIFACT_CLASSIFICATION_IS_NOT_TEST_HISTORY_CLOSURE,,DEP-03 | DEP-04 | DEP-05,Malformed payload identity/producer evidence retained; containing-test match history remains separate and unexhausted. Individual source hashes/JUnit nodes are not universal prerequisites.,Custodian/evidence-backed exhaustive seed manifest OR a proved usable finite superset for the required historical scope; original identities only if using identity-based recovery.,"PARTIAL_LOCAL_EVIDENCE_AVAILABLE; exhaustiveness not established; additional retained/backup evidence UNKNOWN. | REGISTERED_WORKSPACES_PRESENT; execution records not bound here; other histories UNKNOWN, not presumed nonexistent or lost. | 653 retained run identities and 377 artifact identities AVAILABLE; two selected older logs HTTP_410; alternate archives UNKNOWN; source reconstruction potentially recoverable."
REC-117,unreadable_record,UNRESOLVED,UNRESOLVED,SYNTHETIC_ARTIFACT_CLASSIFICATION_IS_NOT_TEST_HISTORY_CLOSURE,,DEP-03 | DEP-04 | DEP-05,Malformed payload identity/producer evidence retained; containing-test match history remains separate and unexhausted. Individual source hashes/JUnit nodes are not universal prerequisites.,Custodian/evidence-backed exhaustive seed manifest OR a proved usable finite superset for the required historical scope; original identities only if using identity-based recovery.,"PARTIAL_LOCAL_EVIDENCE_AVAILABLE; exhaustiveness not established; additional retained/backup evidence UNKNOWN. | REGISTERED_WORKSPACES_PRESENT; execution records not bound here; other histories UNKNOWN, not presumed nonexistent or lost. | 653 retained run identities and 377 artifact identities AVAILABLE; two selected older logs HTTP_410; alternate archives UNKNOWN; source reconstruction potentially recoverable."
REC-118,unreadable_record,UNRESOLVED,UNRESOLVED,SYNTHETIC_ARTIFACT_CLASSIFICATION_IS_NOT_TEST_HISTORY_CLOSURE,,DEP-03 | DEP-04 | DEP-05,Malformed payload identity/producer evidence retained; containing-test match history remains separate and unexhausted. Individual source hashes/JUnit nodes are not universal prerequisites.,Custodian/evidence-backed exhaustive seed manifest OR a proved usable finite superset for the required historical scope; original identities only if using identity-based recovery.,"PARTIAL_LOCAL_EVIDENCE_AVAILABLE; exhaustiveness not established; additional retained/backup evidence UNKNOWN. | REGISTERED_WORKSPACES_PRESENT; execution records not bound here; other histories UNKNOWN, not presumed nonexistent or lost. | 653 retained run identities and 377 artifact identities AVAILABLE; two selected older logs HTTP_410; alternate archives UNKNOWN; source reconstruction potentially recoverable."
REC-119,unreadable_record,UNRESOLVED,UNRESOLVED,IDENTIFIED_RETAINED_EXECUTIONS_COVERED,SEED-0043,DEP-03 | DEP-04 | DEP-05,"Actual recorded seed of each identified retained instance is included. Remaining dependency is exhaustive historical family coverage, not recovery of those recorded values.",Custodian/evidence-backed exhaustive seed manifest OR a proved usable finite superset for the required historical scope; original identities only if using identity-based recovery.,"PARTIAL_LOCAL_EVIDENCE_AVAILABLE; exhaustiveness not established; additional retained/backup evidence UNKNOWN. | REGISTERED_WORKSPACES_PRESENT; execution records not bound here; other histories UNKNOWN, not presumed nonexistent or lost. | 653 retained run identities and 377 artifact identities AVAILABLE; two selected older logs HTTP_410; alternate archives UNKNOWN; source reconstruction potentially recoverable."
REC-120,unreadable_record,UNRESOLVED,UNRESOLVED,SYNTHETIC_ARTIFACT_CLASSIFICATION_IS_NOT_TEST_HISTORY_CLOSURE,,DEP-03 | DEP-04 | DEP-05,Malformed payload identity/producer evidence retained; containing-test match history remains separate and unexhausted. Individual source hashes/JUnit nodes are not universal prerequisites.,Custodian/evidence-backed exhaustive seed manifest OR a proved usable finite superset for the required historical scope; original identities only if using identity-based recovery.,"PARTIAL_LOCAL_EVIDENCE_AVAILABLE; exhaustiveness not established; additional retained/backup evidence UNKNOWN. | REGISTERED_WORKSPACES_PRESENT; execution records not bound here; other histories UNKNOWN, not presumed nonexistent or lost. | 653 retained run identities and 377 artifact identities AVAILABLE; two selected older logs HTTP_410; alternate archives UNKNOWN; source reconstruction potentially recoverable."
REC-121,unreadable_record,UNRESOLVED,UNRESOLVED,SYNTHETIC_ARTIFACT_CLASSIFICATION_IS_NOT_TEST_HISTORY_CLOSURE,,DEP-03 | DEP-04 | DEP-05,Malformed payload identity/producer evidence retained; containing-test match history remains separate and unexhausted. Individual source hashes/JUnit nodes are not universal prerequisites.,Custodian/evidence-backed exhaustive seed manifest OR a proved usable finite superset for the required historical scope; original identities only if using identity-based recovery.,"PARTIAL_LOCAL_EVIDENCE_AVAILABLE; exhaustiveness not established; additional retained/backup evidence UNKNOWN. | REGISTERED_WORKSPACES_PRESENT; execution records not bound here; other histories UNKNOWN, not presumed nonexistent or lost. | 653 retained run identities and 377 artifact identities AVAILABLE; two selected older logs HTTP_410; alternate archives UNKNOWN; source reconstruction potentially recoverable."
REC-122,unreadable_record,UNRESOLVED,UNRESOLVED,SYNTHETIC_ARTIFACT_CLASSIFICATION_IS_NOT_TEST_HISTORY_CLOSURE,,DEP-03 | DEP-04 | DEP-05,Malformed payload identity/producer evidence retained; containing-test match history remains separate and unexhausted. Individual source hashes/JUnit nodes are not universal prerequisites.,Custodian/evidence-backed exhaustive seed manifest OR a proved usable finite superset for the required historical scope; original identities only if using identity-based recovery.,"PARTIAL_LOCAL_EVIDENCE_AVAILABLE; exhaustiveness not established; additional retained/backup evidence UNKNOWN. | REGISTERED_WORKSPACES_PRESENT; execution records not bound here; other histories UNKNOWN, not presumed nonexistent or lost. | 653 retained run identities and 377 artifact identities AVAILABLE; two selected older logs HTTP_410; alternate archives UNKNOWN; source reconstruction potentially recoverable."
REC-123,unreadable_record,UNRESOLVED,UNRESOLVED,SYNTHETIC_ARTIFACT_CLASSIFICATION_IS_NOT_TEST_HISTORY_CLOSURE,,DEP-03 | DEP-04 | DEP-05,Malformed payload identity/producer evidence retained; containing-test match history remains separate and unexhausted. Individual source hashes/JUnit nodes are not universal prerequisites.,Custodian/evidence-backed exhaustive seed manifest OR a proved usable finite superset for the required historical scope; original identities only if using identity-based recovery.,"PARTIAL_LOCAL_EVIDENCE_AVAILABLE; exhaustiveness not established; additional retained/backup evidence UNKNOWN. | REGISTERED_WORKSPACES_PRESENT; execution records not bound here; other histories UNKNOWN, not presumed nonexistent or lost. | 653 retained run identities and 377 artifact identities AVAILABLE; two selected older logs HTTP_410; alternate archives UNKNOWN; source reconstruction potentially recoverable."
REC-124,unreadable_record,UNRESOLVED,UNRESOLVED,SYNTHETIC_ARTIFACT_CLASSIFICATION_IS_NOT_TEST_HISTORY_CLOSURE,,DEP-03 | DEP-04 | DEP-05,Malformed payload identity/producer evidence retained; containing-test match history remains separate and unexhausted. Individual source hashes/JUnit nodes are not universal prerequisites.,Custodian/evidence-backed exhaustive seed manifest OR a proved usable finite superset for the required historical scope; original identities only if using identity-based recovery.,"PARTIAL_LOCAL_EVIDENCE_AVAILABLE; exhaustiveness not established; additional retained/backup evidence UNKNOWN. | REGISTERED_WORKSPACES_PRESENT; execution records not bound here; other histories UNKNOWN, not presumed nonexistent or lost. | 653 retained run identities and 377 artifact identities AVAILABLE; two selected older logs HTTP_410; alternate archives UNKNOWN; source reconstruction potentially recoverable."
REC-125,unreadable_record,UNRESOLVED,UNRESOLVED,SYNTHETIC_ARTIFACT_CLASSIFICATION_IS_NOT_TEST_HISTORY_CLOSURE,,DEP-03 | DEP-04 | DEP-05,Malformed payload identity/producer evidence retained; containing-test match history remains separate and unexhausted. Individual source hashes/JUnit nodes are not universal prerequisites.,Custodian/evidence-backed exhaustive seed manifest OR a proved usable finite superset for the required historical scope; original identities only if using identity-based recovery.,"PARTIAL_LOCAL_EVIDENCE_AVAILABLE; exhaustiveness not established; additional retained/backup evidence UNKNOWN. | REGISTERED_WORKSPACES_PRESENT; execution records not bound here; other histories UNKNOWN, not presumed nonexistent or lost. | 653 retained run identities and 377 artifact identities AVAILABLE; two selected older logs HTTP_410; alternate archives UNKNOWN; source reconstruction potentially recoverable."
REC-126,unreadable_record,UNRESOLVED,UNRESOLVED,SYNTHETIC_ARTIFACT_CLASSIFICATION_IS_NOT_TEST_HISTORY_CLOSURE,,DEP-03 | DEP-04 | DEP-05,Malformed payload identity/producer evidence retained; containing-test match history remains separate and unexhausted. Individual source hashes/JUnit nodes are not universal prerequisites.,Custodian/evidence-backed exhaustive seed manifest OR a proved usable finite superset for the required historical scope; original identities only if using identity-based recovery.,"PARTIAL_LOCAL_EVIDENCE_AVAILABLE; exhaustiveness not established; additional retained/backup evidence UNKNOWN. | REGISTERED_WORKSPACES_PRESENT; execution records not bound here; other histories UNKNOWN, not presumed nonexistent or lost. | 653 retained run identities and 377 artifact identities AVAILABLE; two selected older logs HTTP_410; alternate archives UNKNOWN; source reconstruction potentially recoverable."
REC-127,unreadable_record,UNRESOLVED,UNRESOLVED,SYNTHETIC_ARTIFACT_CLASSIFICATION_IS_NOT_TEST_HISTORY_CLOSURE,,DEP-03 | DEP-04 | DEP-05,Malformed payload identity/producer evidence retained; containing-test match history remains separate and unexhausted. Individual source hashes/JUnit nodes are not universal prerequisites.,Custodian/evidence-backed exhaustive seed manifest OR a proved usable finite superset for the required historical scope; original identities only if using identity-based recovery.,"PARTIAL_LOCAL_EVIDENCE_AVAILABLE; exhaustiveness not established; additional retained/backup evidence UNKNOWN. | REGISTERED_WORKSPACES_PRESENT; execution records not bound here; other histories UNKNOWN, not presumed nonexistent or lost. | 653 retained run identities and 377 artifact identities AVAILABLE; two selected older logs HTTP_410; alternate archives UNKNOWN; source reconstruction potentially recoverable."
REC-128,unreadable_record,UNRESOLVED,UNRESOLVED,IDENTIFIED_RETAINED_EXECUTIONS_COVERED,SEED-0147,DEP-03 | DEP-04 | DEP-05,"Actual recorded seed of each identified retained instance is included. Remaining dependency is exhaustive historical family coverage, not recovery of those recorded values.",Custodian/evidence-backed exhaustive seed manifest OR a proved usable finite superset for the required historical scope; original identities only if using identity-based recovery.,"PARTIAL_LOCAL_EVIDENCE_AVAILABLE; exhaustiveness not established; additional retained/backup evidence UNKNOWN. | REGISTERED_WORKSPACES_PRESENT; execution records not bound here; other histories UNKNOWN, not presumed nonexistent or lost. | 653 retained run identities and 377 artifact identities AVAILABLE; two selected older logs HTTP_410; alternate archives UNKNOWN; source reconstruction potentially recoverable."
REC-129,unreadable_record,UNRESOLVED,UNRESOLVED,SYNTHETIC_ARTIFACT_CLASSIFICATION_IS_NOT_TEST_HISTORY_CLOSURE,,DEP-03 | DEP-04 | DEP-05,Malformed payload identity/producer evidence retained; containing-test match history remains separate and unexhausted. Individual source hashes/JUnit nodes are not universal prerequisites.,Custodian/evidence-backed exhaustive seed manifest OR a proved usable finite superset for the required historical scope; original identities only if using identity-based recovery.,"PARTIAL_LOCAL_EVIDENCE_AVAILABLE; exhaustiveness not established; additional retained/backup evidence UNKNOWN. | REGISTERED_WORKSPACES_PRESENT; execution records not bound here; other histories UNKNOWN, not presumed nonexistent or lost. | 653 retained run identities and 377 artifact identities AVAILABLE; two selected older logs HTTP_410; alternate archives UNKNOWN; source reconstruction potentially recoverable."
REC-130,unreadable_record,UNRESOLVED,UNRESOLVED,SYNTHETIC_ARTIFACT_CLASSIFICATION_IS_NOT_TEST_HISTORY_CLOSURE,,DEP-03 | DEP-04 | DEP-05,Malformed payload identity/producer evidence retained; containing-test match history remains separate and unexhausted. Individual source hashes/JUnit nodes are not universal prerequisites.,Custodian/evidence-backed exhaustive seed manifest OR a proved usable finite superset for the required historical scope; original identities only if using identity-based recovery.,"PARTIAL_LOCAL_EVIDENCE_AVAILABLE; exhaustiveness not established; additional retained/backup evidence UNKNOWN. | REGISTERED_WORKSPACES_PRESENT; execution records not bound here; other histories UNKNOWN, not presumed nonexistent or lost. | 653 retained run identities and 377 artifact identities AVAILABLE; two selected older logs HTTP_410; alternate archives UNKNOWN; source reconstruction potentially recoverable."
REC-131,unreadable_record,UNRESOLVED,UNRESOLVED,SYNTHETIC_ARTIFACT_CLASSIFICATION_IS_NOT_TEST_HISTORY_CLOSURE,,DEP-03 | DEP-04 | DEP-05,Malformed payload identity/producer evidence retained; containing-test match history remains separate and unexhausted. Individual source hashes/JUnit nodes are not universal prerequisites.,Custodian/evidence-backed exhaustive seed manifest OR a proved usable finite superset for the required historical scope; original identities only if using identity-based recovery.,"PARTIAL_LOCAL_EVIDENCE_AVAILABLE; exhaustiveness not established; additional retained/backup evidence UNKNOWN. | REGISTERED_WORKSPACES_PRESENT; execution records not bound here; other histories UNKNOWN, not presumed nonexistent or lost. | 653 retained run identities and 377 artifact identities AVAILABLE; two selected older logs HTTP_410; alternate archives UNKNOWN; source reconstruction potentially recoverable."
REC-132,unreadable_record,UNRESOLVED,UNRESOLVED,SYNTHETIC_ARTIFACT_CLASSIFICATION_IS_NOT_TEST_HISTORY_CLOSURE,,DEP-03 | DEP-04 | DEP-05,Malformed payload identity/producer evidence retained; containing-test match history remains separate and unexhausted. Individual source hashes/JUnit nodes are not universal prerequisites.,Custodian/evidence-backed exhaustive seed manifest OR a proved usable finite superset for the required historical scope; original identities only if using identity-based recovery.,"PARTIAL_LOCAL_EVIDENCE_AVAILABLE; exhaustiveness not established; additional retained/backup evidence UNKNOWN. | REGISTERED_WORKSPACES_PRESENT; execution records not bound here; other histories UNKNOWN, not presumed nonexistent or lost. | 653 retained run identities and 377 artifact identities AVAILABLE; two selected older logs HTTP_410; alternate archives UNKNOWN; source reconstruction potentially recoverable."
REC-133,unreadable_record,UNRESOLVED,UNRESOLVED,SYNTHETIC_ARTIFACT_CLASSIFICATION_IS_NOT_TEST_HISTORY_CLOSURE,,DEP-03 | DEP-04 | DEP-05,Malformed payload identity/producer evidence retained; containing-test match history remains separate and unexhausted. Individual source hashes/JUnit nodes are not universal prerequisites.,Custodian/evidence-backed exhaustive seed manifest OR a proved usable finite superset for the required historical scope; original identities only if using identity-based recovery.,"PARTIAL_LOCAL_EVIDENCE_AVAILABLE; exhaustiveness not established; additional retained/backup evidence UNKNOWN. | REGISTERED_WORKSPACES_PRESENT; execution records not bound here; other histories UNKNOWN, not presumed nonexistent or lost. | 653 retained run identities and 377 artifact identities AVAILABLE; two selected older logs HTTP_410; alternate archives UNKNOWN; source reconstruction potentially recoverable."
REC-134,unreadable_record,UNRESOLVED,UNRESOLVED,SYNTHETIC_ARTIFACT_CLASSIFICATION_IS_NOT_TEST_HISTORY_CLOSURE,,DEP-03 | DEP-04 | DEP-05,Malformed payload identity/producer evidence retained; containing-test match history remains separate and unexhausted. Individual source hashes/JUnit nodes are not universal prerequisites.,Custodian/evidence-backed exhaustive seed manifest OR a proved usable finite superset for the required historical scope; original identities only if using identity-based recovery.,"PARTIAL_LOCAL_EVIDENCE_AVAILABLE; exhaustiveness not established; additional retained/backup evidence UNKNOWN. | REGISTERED_WORKSPACES_PRESENT; execution records not bound here; other histories UNKNOWN, not presumed nonexistent or lost. | 653 retained run identities and 377 artifact identities AVAILABLE; two selected older logs HTTP_410; alternate archives UNKNOWN; source reconstruction potentially recoverable."
REC-135,unreadable_record,UNRESOLVED,UNRESOLVED,SYNTHETIC_ARTIFACT_CLASSIFICATION_IS_NOT_TEST_HISTORY_CLOSURE,,DEP-03 | DEP-04 | DEP-05,Malformed payload identity/producer evidence retained; containing-test match history remains separate and unexhausted. Individual source hashes/JUnit nodes are not universal prerequisites.,Custodian/evidence-backed exhaustive seed manifest OR a proved usable finite superset for the required historical scope; original identities only if using identity-based recovery.,"PARTIAL_LOCAL_EVIDENCE_AVAILABLE; exhaustiveness not established; additional retained/backup evidence UNKNOWN. | REGISTERED_WORKSPACES_PRESENT; execution records not bound here; other histories UNKNOWN, not presumed nonexistent or lost. | 653 retained run identities and 377 artifact identities AVAILABLE; two selected older logs HTTP_410; alternate archives UNKNOWN; source reconstruction potentially recoverable."
REC-136,unreadable_record,UNRESOLVED,UNRESOLVED,SYNTHETIC_ARTIFACT_CLASSIFICATION_IS_NOT_TEST_HISTORY_CLOSURE,,DEP-03 | DEP-04 | DEP-05,Malformed payload identity/producer evidence retained; containing-test match history remains separate and unexhausted. Individual source hashes/JUnit nodes are not universal prerequisites.,Custodian/evidence-backed exhaustive seed manifest OR a proved usable finite superset for the required historical scope; original identities only if using identity-based recovery.,"PARTIAL_LOCAL_EVIDENCE_AVAILABLE; exhaustiveness not established; additional retained/backup evidence UNKNOWN. | REGISTERED_WORKSPACES_PRESENT; execution records not bound here; other histories UNKNOWN, not presumed nonexistent or lost. | 653 retained run identities and 377 artifact identities AVAILABLE; two selected older logs HTTP_410; alternate archives UNKNOWN; source reconstruction potentially recoverable."
REC-137,unreadable_record,UNRESOLVED,UNRESOLVED,SYNTHETIC_ARTIFACT_CLASSIFICATION_IS_NOT_TEST_HISTORY_CLOSURE,,DEP-03 | DEP-04 | DEP-05,Malformed payload identity/producer evidence retained; containing-test match history remains separate and unexhausted. Individual source hashes/JUnit nodes are not universal prerequisites.,Custodian/evidence-backed exhaustive seed manifest OR a proved usable finite superset for the required historical scope; original identities only if using identity-based recovery.,"PARTIAL_LOCAL_EVIDENCE_AVAILABLE; exhaustiveness not established; additional retained/backup evidence UNKNOWN. | REGISTERED_WORKSPACES_PRESENT; execution records not bound here; other histories UNKNOWN, not presumed nonexistent or lost. | 653 retained run identities and 377 artifact identities AVAILABLE; two selected older logs HTTP_410; alternate archives UNKNOWN; source reconstruction potentially recoverable."
REC-138,unreadable_record,UNRESOLVED,UNRESOLVED,SYNTHETIC_ARTIFACT_CLASSIFICATION_IS_NOT_TEST_HISTORY_CLOSURE,,DEP-03 | DEP-04 | DEP-05,Malformed payload identity/producer evidence retained; containing-test match history remains separate and unexhausted. Individual source hashes/JUnit nodes are not universal prerequisites.,Custodian/evidence-backed exhaustive seed manifest OR a proved usable finite superset for the required historical scope; original identities only if using identity-based recovery.,"PARTIAL_LOCAL_EVIDENCE_AVAILABLE; exhaustiveness not established; additional retained/backup evidence UNKNOWN. | REGISTERED_WORKSPACES_PRESENT; execution records not bound here; other histories UNKNOWN, not presumed nonexistent or lost. | 653 retained run identities and 377 artifact identities AVAILABLE; two selected older logs HTTP_410; alternate archives UNKNOWN; source reconstruction potentially recoverable."
REC-139,unreadable_record,UNRESOLVED,UNRESOLVED,SYNTHETIC_ARTIFACT_CLASSIFICATION_IS_NOT_TEST_HISTORY_CLOSURE,,DEP-03 | DEP-04 | DEP-05,Malformed payload identity/producer evidence retained; containing-test match history remains separate and unexhausted. Individual source hashes/JUnit nodes are not universal prerequisites.,Custodian/evidence-backed exhaustive seed manifest OR a proved usable finite superset for the required historical scope; original identities only if using identity-based recovery.,"PARTIAL_LOCAL_EVIDENCE_AVAILABLE; exhaustiveness not established; additional retained/backup evidence UNKNOWN. | REGISTERED_WORKSPACES_PRESENT; execution records not bound here; other histories UNKNOWN, not presumed nonexistent or lost. | 653 retained run identities and 377 artifact identities AVAILABLE; two selected older logs HTTP_410; alternate archives UNKNOWN; source reconstruction potentially recoverable."
REC-140,unreadable_record,UNRESOLVED,UNRESOLVED,SYNTHETIC_ARTIFACT_CLASSIFICATION_IS_NOT_TEST_HISTORY_CLOSURE,,DEP-03 | DEP-04 | DEP-05,Malformed payload identity/producer evidence retained; containing-test match history remains separate and unexhausted. Individual source hashes/JUnit nodes are not universal prerequisites.,Custodian/evidence-backed exhaustive seed manifest OR a proved usable finite superset for the required historical scope; original identities only if using identity-based recovery.,"PARTIAL_LOCAL_EVIDENCE_AVAILABLE; exhaustiveness not established; additional retained/backup evidence UNKNOWN. | REGISTERED_WORKSPACES_PRESENT; execution records not bound here; other histories UNKNOWN, not presumed nonexistent or lost. | 653 retained run identities and 377 artifact identities AVAILABLE; two selected older logs HTTP_410; alternate archives UNKNOWN; source reconstruction potentially recoverable."
REC-141,unreadable_record,UNRESOLVED,UNRESOLVED,SYNTHETIC_ARTIFACT_CLASSIFICATION_IS_NOT_TEST_HISTORY_CLOSURE,,DEP-03 | DEP-04 | DEP-05,Malformed payload identity/producer evidence retained; containing-test match history remains separate and unexhausted. Individual source hashes/JUnit nodes are not universal prerequisites.,Custodian/evidence-backed exhaustive seed manifest OR a proved usable finite superset for the required historical scope; original identities only if using identity-based recovery.,"PARTIAL_LOCAL_EVIDENCE_AVAILABLE; exhaustiveness not established; additional retained/backup evidence UNKNOWN. | REGISTERED_WORKSPACES_PRESENT; execution records not bound here; other histories UNKNOWN, not presumed nonexistent or lost. | 653 retained run identities and 377 artifact identities AVAILABLE; two selected older logs HTTP_410; alternate archives UNKNOWN; source reconstruction potentially recoverable."
REC-142,unreadable_record,UNRESOLVED,UNRESOLVED,SYNTHETIC_ARTIFACT_CLASSIFICATION_IS_NOT_TEST_HISTORY_CLOSURE,,DEP-03 | DEP-04 | DEP-05,Malformed payload identity/producer evidence retained; containing-test match history remains separate and unexhausted. Individual source hashes/JUnit nodes are not universal prerequisites.,Custodian/evidence-backed exhaustive seed manifest OR a proved usable finite superset for the required historical scope; original identities only if using identity-based recovery.,"PARTIAL_LOCAL_EVIDENCE_AVAILABLE; exhaustiveness not established; additional retained/backup evidence UNKNOWN. | REGISTERED_WORKSPACES_PRESENT; execution records not bound here; other histories UNKNOWN, not presumed nonexistent or lost. | 653 retained run identities and 377 artifact identities AVAILABLE; two selected older logs HTTP_410; alternate archives UNKNOWN; source reconstruction potentially recoverable."
REC-143,unreadable_record,UNRESOLVED,UNRESOLVED,SYNTHETIC_ARTIFACT_CLASSIFICATION_IS_NOT_TEST_HISTORY_CLOSURE,,DEP-03 | DEP-04 | DEP-05,Malformed payload identity/producer evidence retained; containing-test match history remains separate and unexhausted. Individual source hashes/JUnit nodes are not universal prerequisites.,Custodian/evidence-backed exhaustive seed manifest OR a proved usable finite superset for the required historical scope; original identities only if using identity-based recovery.,"PARTIAL_LOCAL_EVIDENCE_AVAILABLE; exhaustiveness not established; additional retained/backup evidence UNKNOWN. | REGISTERED_WORKSPACES_PRESENT; execution records not bound here; other histories UNKNOWN, not presumed nonexistent or lost. | 653 retained run identities and 377 artifact identities AVAILABLE; two selected older logs HTTP_410; alternate archives UNKNOWN; source reconstruction potentially recoverable."
REC-144,unreadable_record,UNRESOLVED,UNRESOLVED,SYNTHETIC_ARTIFACT_CLASSIFICATION_IS_NOT_TEST_HISTORY_CLOSURE,,DEP-03 | DEP-04 | DEP-05,Malformed payload identity/producer evidence retained; containing-test match history remains separate and unexhausted. Individual source hashes/JUnit nodes are not universal prerequisites.,Custodian/evidence-backed exhaustive seed manifest OR a proved usable finite superset for the required historical scope; original identities only if using identity-based recovery.,"PARTIAL_LOCAL_EVIDENCE_AVAILABLE; exhaustiveness not established; additional retained/backup evidence UNKNOWN. | REGISTERED_WORKSPACES_PRESENT; execution records not bound here; other histories UNKNOWN, not presumed nonexistent or lost. | 653 retained run identities and 377 artifact identities AVAILABLE; two selected older logs HTTP_410; alternate archives UNKNOWN; source reconstruction potentially recoverable."
REC-145,unreadable_record,UNRESOLVED,UNRESOLVED,SYNTHETIC_ARTIFACT_CLASSIFICATION_IS_NOT_TEST_HISTORY_CLOSURE,,DEP-03 | DEP-04 | DEP-05,Malformed payload identity/producer evidence retained; containing-test match history remains separate and unexhausted. Individual source hashes/JUnit nodes are not universal prerequisites.,Custodian/evidence-backed exhaustive seed manifest OR a proved usable finite superset for the required historical scope; original identities only if using identity-based recovery.,"PARTIAL_LOCAL_EVIDENCE_AVAILABLE; exhaustiveness not established; additional retained/backup evidence UNKNOWN. | REGISTERED_WORKSPACES_PRESENT; execution records not bound here; other histories UNKNOWN, not presumed nonexistent or lost. | 653 retained run identities and 377 artifact identities AVAILABLE; two selected older logs HTTP_410; alternate archives UNKNOWN; source reconstruction potentially recoverable."
REC-146,unreadable_record,UNRESOLVED,UNRESOLVED,SYNTHETIC_ARTIFACT_CLASSIFICATION_IS_NOT_TEST_HISTORY_CLOSURE,,DEP-03 | DEP-04 | DEP-05,Malformed payload identity/producer evidence retained; containing-test match history remains separate and unexhausted. Individual source hashes/JUnit nodes are not universal prerequisites.,Custodian/evidence-backed exhaustive seed manifest OR a proved usable finite superset for the required historical scope; original identities only if using identity-based recovery.,"PARTIAL_LOCAL_EVIDENCE_AVAILABLE; exhaustiveness not established; additional retained/backup evidence UNKNOWN. | REGISTERED_WORKSPACES_PRESENT; execution records not bound here; other histories UNKNOWN, not presumed nonexistent or lost. | 653 retained run identities and 377 artifact identities AVAILABLE; two selected older logs HTTP_410; alternate archives UNKNOWN; source reconstruction potentially recoverable."
REC-147,unreadable_record,UNRESOLVED,UNRESOLVED,SYNTHETIC_ARTIFACT_CLASSIFICATION_IS_NOT_TEST_HISTORY_CLOSURE,,DEP-03 | DEP-04 | DEP-05,Malformed payload identity/producer evidence retained; containing-test match history remains separate and unexhausted. Individual source hashes/JUnit nodes are not universal prerequisites.,Custodian/evidence-backed exhaustive seed manifest OR a proved usable finite superset for the required historical scope; original identities only if using identity-based recovery.,"PARTIAL_LOCAL_EVIDENCE_AVAILABLE; exhaustiveness not established; additional retained/backup evidence UNKNOWN. | REGISTERED_WORKSPACES_PRESENT; execution records not bound here; other histories UNKNOWN, not presumed nonexistent or lost. | 653 retained run identities and 377 artifact identities AVAILABLE; two selected older logs HTTP_410; alternate archives UNKNOWN; source reconstruction potentially recoverable."
REC-148,unreadable_record,UNRESOLVED,UNRESOLVED,SYNTHETIC_ARTIFACT_CLASSIFICATION_IS_NOT_TEST_HISTORY_CLOSURE,,DEP-03 | DEP-04 | DEP-05,Malformed payload identity/producer evidence retained; containing-test match history remains separate and unexhausted. Individual source hashes/JUnit nodes are not universal prerequisites.,Custodian/evidence-backed exhaustive seed manifest OR a proved usable finite superset for the required historical scope; original identities only if using identity-based recovery.,"PARTIAL_LOCAL_EVIDENCE_AVAILABLE; exhaustiveness not established; additional retained/backup evidence UNKNOWN. | REGISTERED_WORKSPACES_PRESENT; execution records not bound here; other histories UNKNOWN, not presumed nonexistent or lost. | 653 retained run identities and 377 artifact identities AVAILABLE; two selected older logs HTTP_410; alternate archives UNKNOWN; source reconstruction potentially recoverable."
REC-149,unreadable_record,UNRESOLVED,UNRESOLVED,SYNTHETIC_ARTIFACT_CLASSIFICATION_IS_NOT_TEST_HISTORY_CLOSURE,,DEP-03 | DEP-04 | DEP-05,Malformed payload identity/producer evidence retained; containing-test match history remains separate and unexhausted. Individual source hashes/JUnit nodes are not universal prerequisites.,Custodian/evidence-backed exhaustive seed manifest OR a proved usable finite superset for the required historical scope; original identities only if using identity-based recovery.,"PARTIAL_LOCAL_EVIDENCE_AVAILABLE; exhaustiveness not established; additional retained/backup evidence UNKNOWN. | REGISTERED_WORKSPACES_PRESENT; execution records not bound here; other histories UNKNOWN, not presumed nonexistent or lost. | 653 retained run identities and 377 artifact identities AVAILABLE; two selected older logs HTTP_410; alternate archives UNKNOWN; source reconstruction potentially recoverable."
REC-150,unreadable_record,UNRESOLVED,UNRESOLVED,IDENTIFIED_RETAINED_EXECUTIONS_COVERED,SEED-0043,DEP-03 | DEP-04 | DEP-05,"Actual recorded seed of each identified retained instance is included. Remaining dependency is exhaustive historical family coverage, not recovery of those recorded values.",Custodian/evidence-backed exhaustive seed manifest OR a proved usable finite superset for the required historical scope; original identities only if using identity-based recovery.,"PARTIAL_LOCAL_EVIDENCE_AVAILABLE; exhaustiveness not established; additional retained/backup evidence UNKNOWN. | REGISTERED_WORKSPACES_PRESENT; execution records not bound here; other histories UNKNOWN, not presumed nonexistent or lost. | 653 retained run identities and 377 artifact identities AVAILABLE; two selected older logs HTTP_410; alternate archives UNKNOWN; source reconstruction potentially recoverable."
REC-151,unreadable_record,UNRESOLVED,UNRESOLVED,SYNTHETIC_ARTIFACT_CLASSIFICATION_IS_NOT_TEST_HISTORY_CLOSURE,,DEP-03 | DEP-04 | DEP-05,Malformed payload identity/producer evidence retained; containing-test match history remains separate and unexhausted. Individual source hashes/JUnit nodes are not universal prerequisites.,Custodian/evidence-backed exhaustive seed manifest OR a proved usable finite superset for the required historical scope; original identities only if using identity-based recovery.,"PARTIAL_LOCAL_EVIDENCE_AVAILABLE; exhaustiveness not established; additional retained/backup evidence UNKNOWN. | REGISTERED_WORKSPACES_PRESENT; execution records not bound here; other histories UNKNOWN, not presumed nonexistent or lost. | 653 retained run identities and 377 artifact identities AVAILABLE; two selected older logs HTTP_410; alternate archives UNKNOWN; source reconstruction potentially recoverable."
REC-152,unreadable_record,UNRESOLVED,UNRESOLVED,SYNTHETIC_ARTIFACT_CLASSIFICATION_IS_NOT_TEST_HISTORY_CLOSURE,,DEP-03 | DEP-04 | DEP-05,Malformed payload identity/producer evidence retained; containing-test match history remains separate and unexhausted. Individual source hashes/JUnit nodes are not universal prerequisites.,Custodian/evidence-backed exhaustive seed manifest OR a proved usable finite superset for the required historical scope; original identities only if using identity-based recovery.,"PARTIAL_LOCAL_EVIDENCE_AVAILABLE; exhaustiveness not established; additional retained/backup evidence UNKNOWN. | REGISTERED_WORKSPACES_PRESENT; execution records not bound here; other histories UNKNOWN, not presumed nonexistent or lost. | 653 retained run identities and 377 artifact identities AVAILABLE; two selected older logs HTTP_410; alternate archives UNKNOWN; source reconstruction potentially recoverable."
REC-153,unreadable_record,UNRESOLVED,UNRESOLVED,SYNTHETIC_ARTIFACT_CLASSIFICATION_IS_NOT_TEST_HISTORY_CLOSURE,,DEP-03 | DEP-04 | DEP-05,Malformed payload identity/producer evidence retained; containing-test match history remains separate and unexhausted. Individual source hashes/JUnit nodes are not universal prerequisites.,Custodian/evidence-backed exhaustive seed manifest OR a proved usable finite superset for the required historical scope; original identities only if using identity-based recovery.,"PARTIAL_LOCAL_EVIDENCE_AVAILABLE; exhaustiveness not established; additional retained/backup evidence UNKNOWN. | REGISTERED_WORKSPACES_PRESENT; execution records not bound here; other histories UNKNOWN, not presumed nonexistent or lost. | 653 retained run identities and 377 artifact identities AVAILABLE; two selected older logs HTTP_410; alternate archives UNKNOWN; source reconstruction potentially recoverable."
REC-154,unreadable_record,UNRESOLVED,UNRESOLVED,SYNTHETIC_ARTIFACT_CLASSIFICATION_IS_NOT_TEST_HISTORY_CLOSURE,,DEP-03 | DEP-04 | DEP-05,Malformed payload identity/producer evidence retained; containing-test match history remains separate and unexhausted. Individual source hashes/JUnit nodes are not universal prerequisites.,Custodian/evidence-backed exhaustive seed manifest OR a proved usable finite superset for the required historical scope; original identities only if using identity-based recovery.,"PARTIAL_LOCAL_EVIDENCE_AVAILABLE; exhaustiveness not established; additional retained/backup evidence UNKNOWN. | REGISTERED_WORKSPACES_PRESENT; execution records not bound here; other histories UNKNOWN, not presumed nonexistent or lost. | 653 retained run identities and 377 artifact identities AVAILABLE; two selected older logs HTTP_410; alternate archives UNKNOWN; source reconstruction potentially recoverable."
REC-155,unreadable_record,UNRESOLVED,UNRESOLVED,SYNTHETIC_ARTIFACT_CLASSIFICATION_IS_NOT_TEST_HISTORY_CLOSURE,,DEP-03 | DEP-04 | DEP-05,Malformed payload identity/producer evidence retained; containing-test match history remains separate and unexhausted. Individual source hashes/JUnit nodes are not universal prerequisites.,Custodian/evidence-backed exhaustive seed manifest OR a proved usable finite superset for the required historical scope; original identities only if using identity-based recovery.,"PARTIAL_LOCAL_EVIDENCE_AVAILABLE; exhaustiveness not established; additional retained/backup evidence UNKNOWN. | REGISTERED_WORKSPACES_PRESENT; execution records not bound here; other histories UNKNOWN, not presumed nonexistent or lost. | 653 retained run identities and 377 artifact identities AVAILABLE; two selected older logs HTTP_410; alternate archives UNKNOWN; source reconstruction potentially recoverable."
REC-156,unreadable_record,UNRESOLVED,UNRESOLVED,SYNTHETIC_ARTIFACT_CLASSIFICATION_IS_NOT_TEST_HISTORY_CLOSURE,,DEP-03 | DEP-04 | DEP-05,Malformed payload identity/producer evidence retained; containing-test match history remains separate and unexhausted. Individual source hashes/JUnit nodes are not universal prerequisites.,Custodian/evidence-backed exhaustive seed manifest OR a proved usable finite superset for the required historical scope; original identities only if using identity-based recovery.,"PARTIAL_LOCAL_EVIDENCE_AVAILABLE; exhaustiveness not established; additional retained/backup evidence UNKNOWN. | REGISTERED_WORKSPACES_PRESENT; execution records not bound here; other histories UNKNOWN, not presumed nonexistent or lost. | 653 retained run identities and 377 artifact identities AVAILABLE; two selected older logs HTTP_410; alternate archives UNKNOWN; source reconstruction potentially recoverable."
REC-157,unreadable_record,UNRESOLVED,UNRESOLVED,SYNTHETIC_ARTIFACT_CLASSIFICATION_IS_NOT_TEST_HISTORY_CLOSURE,,DEP-03 | DEP-04 | DEP-05,Malformed payload identity/producer evidence retained; containing-test match history remains separate and unexhausted. Individual source hashes/JUnit nodes are not universal prerequisites.,Custodian/evidence-backed exhaustive seed manifest OR a proved usable finite superset for the required historical scope; original identities only if using identity-based recovery.,"PARTIAL_LOCAL_EVIDENCE_AVAILABLE; exhaustiveness not established; additional retained/backup evidence UNKNOWN. | REGISTERED_WORKSPACES_PRESENT; execution records not bound here; other histories UNKNOWN, not presumed nonexistent or lost. | 653 retained run identities and 377 artifact identities AVAILABLE; two selected older logs HTTP_410; alternate archives UNKNOWN; source reconstruction potentially recoverable."
REC-158,unreadable_record,UNRESOLVED,UNRESOLVED,SYNTHETIC_ARTIFACT_CLASSIFICATION_IS_NOT_TEST_HISTORY_CLOSURE,,DEP-03 | DEP-04 | DEP-05,Malformed payload identity/producer evidence retained; containing-test match history remains separate and unexhausted. Individual source hashes/JUnit nodes are not universal prerequisites.,Custodian/evidence-backed exhaustive seed manifest OR a proved usable finite superset for the required historical scope; original identities only if using identity-based recovery.,"PARTIAL_LOCAL_EVIDENCE_AVAILABLE; exhaustiveness not established; additional retained/backup evidence UNKNOWN. | REGISTERED_WORKSPACES_PRESENT; execution records not bound here; other histories UNKNOWN, not presumed nonexistent or lost. | 653 retained run identities and 377 artifact identities AVAILABLE; two selected older logs HTTP_410; alternate archives UNKNOWN; source reconstruction potentially recoverable."
REC-159,unreadable_record,UNRESOLVED,UNRESOLVED,IDENTIFIED_RETAINED_EXECUTIONS_COVERED,SEED-0147,DEP-03 | DEP-04 | DEP-05,"Actual recorded seed of each identified retained instance is included. Remaining dependency is exhaustive historical family coverage, not recovery of those recorded values.",Custodian/evidence-backed exhaustive seed manifest OR a proved usable finite superset for the required historical scope; original identities only if using identity-based recovery.,"PARTIAL_LOCAL_EVIDENCE_AVAILABLE; exhaustiveness not established; additional retained/backup evidence UNKNOWN. | REGISTERED_WORKSPACES_PRESENT; execution records not bound here; other histories UNKNOWN, not presumed nonexistent or lost. | 653 retained run identities and 377 artifact identities AVAILABLE; two selected older logs HTTP_410; alternate archives UNKNOWN; source reconstruction potentially recoverable."
REC-160,unreadable_record,UNRESOLVED,UNRESOLVED,SYNTHETIC_ARTIFACT_CLASSIFICATION_IS_NOT_TEST_HISTORY_CLOSURE,,DEP-03 | DEP-04 | DEP-05,Malformed payload identity/producer evidence retained; containing-test match history remains separate and unexhausted. Individual source hashes/JUnit nodes are not universal prerequisites.,Custodian/evidence-backed exhaustive seed manifest OR a proved usable finite superset for the required historical scope; original identities only if using identity-based recovery.,"PARTIAL_LOCAL_EVIDENCE_AVAILABLE; exhaustiveness not established; additional retained/backup evidence UNKNOWN. | REGISTERED_WORKSPACES_PRESENT; execution records not bound here; other histories UNKNOWN, not presumed nonexistent or lost. | 653 retained run identities and 377 artifact identities AVAILABLE; two selected older logs HTTP_410; alternate archives UNKNOWN; source reconstruction potentially recoverable."
REC-161,unreadable_record,UNRESOLVED,UNRESOLVED,SYNTHETIC_ARTIFACT_CLASSIFICATION_IS_NOT_TEST_HISTORY_CLOSURE,,DEP-03 | DEP-04 | DEP-05,Malformed payload identity/producer evidence retained; containing-test match history remains separate and unexhausted. Individual source hashes/JUnit nodes are not universal prerequisites.,Custodian/evidence-backed exhaustive seed manifest OR a proved usable finite superset for the required historical scope; original identities only if using identity-based recovery.,"PARTIAL_LOCAL_EVIDENCE_AVAILABLE; exhaustiveness not established; additional retained/backup evidence UNKNOWN. | REGISTERED_WORKSPACES_PRESENT; execution records not bound here; other histories UNKNOWN, not presumed nonexistent or lost. | 653 retained run identities and 377 artifact identities AVAILABLE; two selected older logs HTTP_410; alternate archives UNKNOWN; source reconstruction potentially recoverable."
REC-162,unreadable_record,UNRESOLVED,UNRESOLVED,SYNTHETIC_ARTIFACT_CLASSIFICATION_IS_NOT_TEST_HISTORY_CLOSURE,,DEP-03 | DEP-04 | DEP-05,Malformed payload identity/producer evidence retained; containing-test match history remains separate and unexhausted. Individual source hashes/JUnit nodes are not universal prerequisites.,Custodian/evidence-backed exhaustive seed manifest OR a proved usable finite superset for the required historical scope; original identities only if using identity-based recovery.,"PARTIAL_LOCAL_EVIDENCE_AVAILABLE; exhaustiveness not established; additional retained/backup evidence UNKNOWN. | REGISTERED_WORKSPACES_PRESENT; execution records not bound here; other histories UNKNOWN, not presumed nonexistent or lost. | 653 retained run identities and 377 artifact identities AVAILABLE; two selected older logs HTTP_410; alternate archives UNKNOWN; source reconstruction potentially recoverable."
REC-163,unreadable_record,UNRESOLVED,UNRESOLVED,SYNTHETIC_ARTIFACT_CLASSIFICATION_IS_NOT_TEST_HISTORY_CLOSURE,,DEP-03 | DEP-04 | DEP-05,Malformed payload identity/producer evidence retained; containing-test match history remains separate and unexhausted. Individual source hashes/JUnit nodes are not universal prerequisites.,Custodian/evidence-backed exhaustive seed manifest OR a proved usable finite superset for the required historical scope; original identities only if using identity-based recovery.,"PARTIAL_LOCAL_EVIDENCE_AVAILABLE; exhaustiveness not established; additional retained/backup evidence UNKNOWN. | REGISTERED_WORKSPACES_PRESENT; execution records not bound here; other histories UNKNOWN, not presumed nonexistent or lost. | 653 retained run identities and 377 artifact identities AVAILABLE; two selected older logs HTTP_410; alternate archives UNKNOWN; source reconstruction potentially recoverable."
DERIVED-001,nonliteral_seed_reference,UNRESOLVED,UNRESOLVED,BOUND_SOURCE_OBSERVATION; HISTORICAL_FAMILY_UNRESOLVED,,DEP-03 | DEP-04 | DEP-05,"Bound source/default and current inclusion observations retained. Actual historical executions, relevant generator variants and exhaustive inputs remain unestablished; configuration/metadata observations are not automatically consumed seeds.",Custodian/evidence-backed exhaustive seed manifest OR a proved usable finite superset for the required historical scope; original identities only if using identity-based recovery.,"PARTIAL_LOCAL_EVIDENCE_AVAILABLE; exhaustiveness not established; additional retained/backup evidence UNKNOWN. | REGISTERED_WORKSPACES_PRESENT; execution records not bound here; other histories UNKNOWN, not presumed nonexistent or lost. | 653 retained run identities and 377 artifact identities AVAILABLE; two selected older logs HTTP_410; alternate archives UNKNOWN; source reconstruction potentially recoverable."
DERIVED-002,nonliteral_seed_reference,UNRESOLVED,UNRESOLVED,BOUND_SOURCE_OBSERVATION; HISTORICAL_FAMILY_UNRESOLVED,,DEP-03 | DEP-04 | DEP-05,"Bound source/default and current inclusion observations retained. Actual historical executions, relevant generator variants and exhaustive inputs remain unestablished; configuration/metadata observations are not automatically consumed seeds.",Custodian/evidence-backed exhaustive seed manifest OR a proved usable finite superset for the required historical scope; original identities only if using identity-based recovery.,"PARTIAL_LOCAL_EVIDENCE_AVAILABLE; exhaustiveness not established; additional retained/backup evidence UNKNOWN. | REGISTERED_WORKSPACES_PRESENT; execution records not bound here; other histories UNKNOWN, not presumed nonexistent or lost. | 653 retained run identities and 377 artifact identities AVAILABLE; two selected older logs HTTP_410; alternate archives UNKNOWN; source reconstruction potentially recoverable."
DERIVED-003,nonliteral_seed_reference,UNRESOLVED,UNRESOLVED,BOUND_SOURCE_OBSERVATION; HISTORICAL_FAMILY_UNRESOLVED,,DEP-03 | DEP-04 | DEP-05,"Bound source/default and current inclusion observations retained. Actual historical executions, relevant generator variants and exhaustive inputs remain unestablished; configuration/metadata observations are not automatically consumed seeds.",Custodian/evidence-backed exhaustive seed manifest OR a proved usable finite superset for the required historical scope; original identities only if using identity-based recovery.,"PARTIAL_LOCAL_EVIDENCE_AVAILABLE; exhaustiveness not established; additional retained/backup evidence UNKNOWN. | REGISTERED_WORKSPACES_PRESENT; execution records not bound here; other histories UNKNOWN, not presumed nonexistent or lost. | 653 retained run identities and 377 artifact identities AVAILABLE; two selected older logs HTTP_410; alternate archives UNKNOWN; source reconstruction potentially recoverable."
DERIVED-004,nonliteral_seed_reference,UNRESOLVED,UNRESOLVED,BOUND_SOURCE_OBSERVATION; HISTORICAL_FAMILY_UNRESOLVED,,DEP-03 | DEP-04 | DEP-05,"Bound source/default and current inclusion observations retained. Actual historical executions, relevant generator variants and exhaustive inputs remain unestablished; configuration/metadata observations are not automatically consumed seeds.",Custodian/evidence-backed exhaustive seed manifest OR a proved usable finite superset for the required historical scope; original identities only if using identity-based recovery.,"PARTIAL_LOCAL_EVIDENCE_AVAILABLE; exhaustiveness not established; additional retained/backup evidence UNKNOWN. | REGISTERED_WORKSPACES_PRESENT; execution records not bound here; other histories UNKNOWN, not presumed nonexistent or lost. | 653 retained run identities and 377 artifact identities AVAILABLE; two selected older logs HTTP_410; alternate archives UNKNOWN; source reconstruction potentially recoverable."
DERIVED-005,nonliteral_seed_reference,UNRESOLVED,UNRESOLVED,BOUND_SOURCE_OBSERVATION; HISTORICAL_FAMILY_UNRESOLVED,,DEP-03 | DEP-04 | DEP-05,"Bound source/default and current inclusion observations retained. Actual historical executions, relevant generator variants and exhaustive inputs remain unestablished; configuration/metadata observations are not automatically consumed seeds.",Custodian/evidence-backed exhaustive seed manifest OR a proved usable finite superset for the required historical scope; original identities only if using identity-based recovery.,"PARTIAL_LOCAL_EVIDENCE_AVAILABLE; exhaustiveness not established; additional retained/backup evidence UNKNOWN. | REGISTERED_WORKSPACES_PRESENT; execution records not bound here; other histories UNKNOWN, not presumed nonexistent or lost. | 653 retained run identities and 377 artifact identities AVAILABLE; two selected older logs HTTP_410; alternate archives UNKNOWN; source reconstruction potentially recoverable."
DERIVED-006,nonliteral_seed_reference,UNRESOLVED,UNRESOLVED,BOUND_SOURCE_OBSERVATION; HISTORICAL_FAMILY_UNRESOLVED,,DEP-03 | DEP-04 | DEP-05,"Bound source/default and current inclusion observations retained. Actual historical executions, relevant generator variants and exhaustive inputs remain unestablished; configuration/metadata observations are not automatically consumed seeds.",Custodian/evidence-backed exhaustive seed manifest OR a proved usable finite superset for the required historical scope; original identities only if using identity-based recovery.,"PARTIAL_LOCAL_EVIDENCE_AVAILABLE; exhaustiveness not established; additional retained/backup evidence UNKNOWN. | REGISTERED_WORKSPACES_PRESENT; execution records not bound here; other histories UNKNOWN, not presumed nonexistent or lost. | 653 retained run identities and 377 artifact identities AVAILABLE; two selected older logs HTTP_410; alternate archives UNKNOWN; source reconstruction potentially recoverable."
DERIVED-007,nonliteral_seed_reference,UNRESOLVED,UNRESOLVED,BOUND_SOURCE_OBSERVATION; HISTORICAL_FAMILY_UNRESOLVED,,DEP-03 | DEP-04 | DEP-05,"Bound source/default and current inclusion observations retained. Actual historical executions, relevant generator variants and exhaustive inputs remain unestablished; configuration/metadata observations are not automatically consumed seeds.",Custodian/evidence-backed exhaustive seed manifest OR a proved usable finite superset for the required historical scope; original identities only if using identity-based recovery.,"PARTIAL_LOCAL_EVIDENCE_AVAILABLE; exhaustiveness not established; additional retained/backup evidence UNKNOWN. | REGISTERED_WORKSPACES_PRESENT; execution records not bound here; other histories UNKNOWN, not presumed nonexistent or lost. | 653 retained run identities and 377 artifact identities AVAILABLE; two selected older logs HTTP_410; alternate archives UNKNOWN; source reconstruction potentially recoverable."
DERIVED-008,nonliteral_seed_reference,UNRESOLVED,UNRESOLVED,BOUND_SOURCE_OBSERVATION; HISTORICAL_FAMILY_UNRESOLVED,,DEP-03 | DEP-04 | DEP-05,"Bound source/default and current inclusion observations retained. Actual historical executions, relevant generator variants and exhaustive inputs remain unestablished; configuration/metadata observations are not automatically consumed seeds.",Custodian/evidence-backed exhaustive seed manifest OR a proved usable finite superset for the required historical scope; original identities only if using identity-based recovery.,"PARTIAL_LOCAL_EVIDENCE_AVAILABLE; exhaustiveness not established; additional retained/backup evidence UNKNOWN. | REGISTERED_WORKSPACES_PRESENT; execution records not bound here; other histories UNKNOWN, not presumed nonexistent or lost. | 653 retained run identities and 377 artifact identities AVAILABLE; two selected older logs HTTP_410; alternate archives UNKNOWN; source reconstruction potentially recoverable."
DERIVED-009,nonliteral_seed_reference,UNRESOLVED,UNRESOLVED,BOUND_SOURCE_OBSERVATION; HISTORICAL_FAMILY_UNRESOLVED,,DEP-03 | DEP-04 | DEP-05,"Bound source/default and current inclusion observations retained. Actual historical executions, relevant generator variants and exhaustive inputs remain unestablished; configuration/metadata observations are not automatically consumed seeds.",Custodian/evidence-backed exhaustive seed manifest OR a proved usable finite superset for the required historical scope; original identities only if using identity-based recovery.,"PARTIAL_LOCAL_EVIDENCE_AVAILABLE; exhaustiveness not established; additional retained/backup evidence UNKNOWN. | REGISTERED_WORKSPACES_PRESENT; execution records not bound here; other histories UNKNOWN, not presumed nonexistent or lost. | 653 retained run identities and 377 artifact identities AVAILABLE; two selected older logs HTTP_410; alternate archives UNKNOWN; source reconstruction potentially recoverable."
DERIVED-010,nonliteral_seed_reference,UNRESOLVED,UNRESOLVED,BOUND_SOURCE_OBSERVATION; HISTORICAL_FAMILY_UNRESOLVED,,DEP-03 | DEP-04 | DEP-05,"Bound source/default and current inclusion observations retained. Actual historical executions, relevant generator variants and exhaustive inputs remain unestablished; configuration/metadata observations are not automatically consumed seeds.",Custodian/evidence-backed exhaustive seed manifest OR a proved usable finite superset for the required historical scope; original identities only if using identity-based recovery.,"PARTIAL_LOCAL_EVIDENCE_AVAILABLE; exhaustiveness not established; additional retained/backup evidence UNKNOWN. | REGISTERED_WORKSPACES_PRESENT; execution records not bound here; other histories UNKNOWN, not presumed nonexistent or lost. | 653 retained run identities and 377 artifact identities AVAILABLE; two selected older logs HTTP_410; alternate archives UNKNOWN; source reconstruction potentially recoverable."
DERIVED-011,nonliteral_seed_reference,UNRESOLVED,UNRESOLVED,BOUND_SOURCE_OBSERVATION; HISTORICAL_FAMILY_UNRESOLVED,,DEP-03 | DEP-04 | DEP-05,"Bound source/default and current inclusion observations retained. Actual historical executions, relevant generator variants and exhaustive inputs remain unestablished; configuration/metadata observations are not automatically consumed seeds.",Custodian/evidence-backed exhaustive seed manifest OR a proved usable finite superset for the required historical scope; original identities only if using identity-based recovery.,"PARTIAL_LOCAL_EVIDENCE_AVAILABLE; exhaustiveness not established; additional retained/backup evidence UNKNOWN. | REGISTERED_WORKSPACES_PRESENT; execution records not bound here; other histories UNKNOWN, not presumed nonexistent or lost. | 653 retained run identities and 377 artifact identities AVAILABLE; two selected older logs HTTP_410; alternate archives UNKNOWN; source reconstruction potentially recoverable."
DERIVED-012,nonliteral_seed_reference,UNRESOLVED,UNRESOLVED,BOUND_SOURCE_OBSERVATION; HISTORICAL_FAMILY_UNRESOLVED,,DEP-03 | DEP-04 | DEP-05,"Bound source/default and current inclusion observations retained. Actual historical executions, relevant generator variants and exhaustive inputs remain unestablished; configuration/metadata observations are not automatically consumed seeds.",Custodian/evidence-backed exhaustive seed manifest OR a proved usable finite superset for the required historical scope; original identities only if using identity-based recovery.,"PARTIAL_LOCAL_EVIDENCE_AVAILABLE; exhaustiveness not established; additional retained/backup evidence UNKNOWN. | REGISTERED_WORKSPACES_PRESENT; execution records not bound here; other histories UNKNOWN, not presumed nonexistent or lost. | 653 retained run identities and 377 artifact identities AVAILABLE; two selected older logs HTTP_410; alternate archives UNKNOWN; source reconstruction potentially recoverable."
DERIVED-013,nonliteral_seed_reference,UNRESOLVED,UNRESOLVED,BOUND_SOURCE_OBSERVATION; HISTORICAL_FAMILY_UNRESOLVED,,DEP-03 | DEP-04 | DEP-05,"Bound source/default and current inclusion observations retained. Actual historical executions, relevant generator variants and exhaustive inputs remain unestablished; configuration/metadata observations are not automatically consumed seeds.",Custodian/evidence-backed exhaustive seed manifest OR a proved usable finite superset for the required historical scope; original identities only if using identity-based recovery.,"PARTIAL_LOCAL_EVIDENCE_AVAILABLE; exhaustiveness not established; additional retained/backup evidence UNKNOWN. | REGISTERED_WORKSPACES_PRESENT; execution records not bound here; other histories UNKNOWN, not presumed nonexistent or lost. | 653 retained run identities and 377 artifact identities AVAILABLE; two selected older logs HTTP_410; alternate archives UNKNOWN; source reconstruction potentially recoverable."
DERIVED-014,nonliteral_seed_reference,UNRESOLVED,UNRESOLVED,BOUND_SOURCE_OBSERVATION; HISTORICAL_FAMILY_UNRESOLVED,,DEP-03 | DEP-04 | DEP-05,"Bound source/default and current inclusion observations retained. Actual historical executions, relevant generator variants and exhaustive inputs remain unestablished; configuration/metadata observations are not automatically consumed seeds.",Custodian/evidence-backed exhaustive seed manifest OR a proved usable finite superset for the required historical scope; original identities only if using identity-based recovery.,"PARTIAL_LOCAL_EVIDENCE_AVAILABLE; exhaustiveness not established; additional retained/backup evidence UNKNOWN. | REGISTERED_WORKSPACES_PRESENT; execution records not bound here; other histories UNKNOWN, not presumed nonexistent or lost. | 653 retained run identities and 377 artifact identities AVAILABLE; two selected older logs HTTP_410; alternate archives UNKNOWN; source reconstruction potentially recoverable."
DERIVED-015,nonliteral_seed_reference,UNRESOLVED,UNRESOLVED,BOUND_SOURCE_OBSERVATION; HISTORICAL_FAMILY_UNRESOLVED,,DEP-03 | DEP-04 | DEP-05,"Bound source/default and current inclusion observations retained. Actual historical executions, relevant generator variants and exhaustive inputs remain unestablished; configuration/metadata observations are not automatically consumed seeds.",Custodian/evidence-backed exhaustive seed manifest OR a proved usable finite superset for the required historical scope; original identities only if using identity-based recovery.,"PARTIAL_LOCAL_EVIDENCE_AVAILABLE; exhaustiveness not established; additional retained/backup evidence UNKNOWN. | REGISTERED_WORKSPACES_PRESENT; execution records not bound here; other histories UNKNOWN, not presumed nonexistent or lost. | 653 retained run identities and 377 artifact identities AVAILABLE; two selected older logs HTTP_410; alternate archives UNKNOWN; source reconstruction potentially recoverable."
DERIVED-016,nonliteral_seed_reference,UNRESOLVED,UNRESOLVED,BOUND_SOURCE_OBSERVATION; HISTORICAL_FAMILY_UNRESOLVED,,DEP-03 | DEP-04 | DEP-05,"Bound source/default and current inclusion observations retained. Actual historical executions, relevant generator variants and exhaustive inputs remain unestablished; configuration/metadata observations are not automatically consumed seeds.",Custodian/evidence-backed exhaustive seed manifest OR a proved usable finite superset for the required historical scope; original identities only if using identity-based recovery.,"PARTIAL_LOCAL_EVIDENCE_AVAILABLE; exhaustiveness not established; additional retained/backup evidence UNKNOWN. | REGISTERED_WORKSPACES_PRESENT; execution records not bound here; other histories UNKNOWN, not presumed nonexistent or lost. | 653 retained run identities and 377 artifact identities AVAILABLE; two selected older logs HTTP_410; alternate archives UNKNOWN; source reconstruction potentially recoverable."
DERIVED-017,nonliteral_seed_reference,UNRESOLVED,UNRESOLVED,BOUND_SOURCE_OBSERVATION; HISTORICAL_FAMILY_UNRESOLVED,,DEP-03 | DEP-04 | DEP-05,"Bound source/default and current inclusion observations retained. Actual historical executions, relevant generator variants and exhaustive inputs remain unestablished; configuration/metadata observations are not automatically consumed seeds.",Custodian/evidence-backed exhaustive seed manifest OR a proved usable finite superset for the required historical scope; original identities only if using identity-based recovery.,"PARTIAL_LOCAL_EVIDENCE_AVAILABLE; exhaustiveness not established; additional retained/backup evidence UNKNOWN. | REGISTERED_WORKSPACES_PRESENT; execution records not bound here; other histories UNKNOWN, not presumed nonexistent or lost. | 653 retained run identities and 377 artifact identities AVAILABLE; two selected older logs HTTP_410; alternate archives UNKNOWN; source reconstruction potentially recoverable."
DERIVED-018,nonliteral_seed_reference,UNRESOLVED,UNRESOLVED,BOUND_SOURCE_OBSERVATION; HISTORICAL_FAMILY_UNRESOLVED,,DEP-03 | DEP-04 | DEP-05,"Bound source/default and current inclusion observations retained. Actual historical executions, relevant generator variants and exhaustive inputs remain unestablished; configuration/metadata observations are not automatically consumed seeds.",Custodian/evidence-backed exhaustive seed manifest OR a proved usable finite superset for the required historical scope; original identities only if using identity-based recovery.,"PARTIAL_LOCAL_EVIDENCE_AVAILABLE; exhaustiveness not established; additional retained/backup evidence UNKNOWN. | REGISTERED_WORKSPACES_PRESENT; execution records not bound here; other histories UNKNOWN, not presumed nonexistent or lost. | 653 retained run identities and 377 artifact identities AVAILABLE; two selected older logs HTTP_410; alternate archives UNKNOWN; source reconstruction potentially recoverable."
DERIVED-019,nonliteral_seed_reference,UNRESOLVED,UNRESOLVED,BOUND_SOURCE_OBSERVATION; HISTORICAL_FAMILY_UNRESOLVED,,DEP-03 | DEP-04 | DEP-05,"Bound source/default and current inclusion observations retained. Actual historical executions, relevant generator variants and exhaustive inputs remain unestablished; configuration/metadata observations are not automatically consumed seeds.",Custodian/evidence-backed exhaustive seed manifest OR a proved usable finite superset for the required historical scope; original identities only if using identity-based recovery.,"PARTIAL_LOCAL_EVIDENCE_AVAILABLE; exhaustiveness not established; additional retained/backup evidence UNKNOWN. | REGISTERED_WORKSPACES_PRESENT; execution records not bound here; other histories UNKNOWN, not presumed nonexistent or lost. | 653 retained run identities and 377 artifact identities AVAILABLE; two selected older logs HTTP_410; alternate archives UNKNOWN; source reconstruction potentially recoverable."
DERIVED-020,nonliteral_seed_reference,UNRESOLVED,UNRESOLVED,BOUND_SOURCE_OBSERVATION; HISTORICAL_FAMILY_UNRESOLVED,,DEP-03 | DEP-04 | DEP-05,"Bound source/default and current inclusion observations retained. Actual historical executions, relevant generator variants and exhaustive inputs remain unestablished; configuration/metadata observations are not automatically consumed seeds.",Custodian/evidence-backed exhaustive seed manifest OR a proved usable finite superset for the required historical scope; original identities only if using identity-based recovery.,"PARTIAL_LOCAL_EVIDENCE_AVAILABLE; exhaustiveness not established; additional retained/backup evidence UNKNOWN. | REGISTERED_WORKSPACES_PRESENT; execution records not bound here; other histories UNKNOWN, not presumed nonexistent or lost. | 653 retained run identities and 377 artifact identities AVAILABLE; two selected older logs HTTP_410; alternate archives UNKNOWN; source reconstruction potentially recoverable."
DERIVED-021,nonliteral_seed_reference,UNRESOLVED,UNRESOLVED,BOUND_SOURCE_OBSERVATION; HISTORICAL_FAMILY_UNRESOLVED,,DEP-03 | DEP-04 | DEP-05,"Bound source/default and current inclusion observations retained. Actual historical executions, relevant generator variants and exhaustive inputs remain unestablished; configuration/metadata observations are not automatically consumed seeds.",Custodian/evidence-backed exhaustive seed manifest OR a proved usable finite superset for the required historical scope; original identities only if using identity-based recovery.,"PARTIAL_LOCAL_EVIDENCE_AVAILABLE; exhaustiveness not established; additional retained/backup evidence UNKNOWN. | REGISTERED_WORKSPACES_PRESENT; execution records not bound here; other histories UNKNOWN, not presumed nonexistent or lost. | 653 retained run identities and 377 artifact identities AVAILABLE; two selected older logs HTTP_410; alternate archives UNKNOWN; source reconstruction potentially recoverable."
DERIVED-022,nonliteral_seed_reference,UNRESOLVED,UNRESOLVED,BOUND_SOURCE_OBSERVATION; HISTORICAL_FAMILY_UNRESOLVED,,DEP-03 | DEP-04 | DEP-05,"Bound source/default and current inclusion observations retained. Actual historical executions, relevant generator variants and exhaustive inputs remain unestablished; configuration/metadata observations are not automatically consumed seeds.",Custodian/evidence-backed exhaustive seed manifest OR a proved usable finite superset for the required historical scope; original identities only if using identity-based recovery.,"PARTIAL_LOCAL_EVIDENCE_AVAILABLE; exhaustiveness not established; additional retained/backup evidence UNKNOWN. | REGISTERED_WORKSPACES_PRESENT; execution records not bound here; other histories UNKNOWN, not presumed nonexistent or lost. | 653 retained run identities and 377 artifact identities AVAILABLE; two selected older logs HTTP_410; alternate archives UNKNOWN; source reconstruction potentially recoverable."
DERIVED-023,nonliteral_seed_reference,UNRESOLVED,UNRESOLVED,BOUND_SOURCE_OBSERVATION; HISTORICAL_FAMILY_UNRESOLVED,,DEP-03 | DEP-04 | DEP-05,"Bound source/default and current inclusion observations retained. Actual historical executions, relevant generator variants and exhaustive inputs remain unestablished; configuration/metadata observations are not automatically consumed seeds.",Custodian/evidence-backed exhaustive seed manifest OR a proved usable finite superset for the required historical scope; original identities only if using identity-based recovery.,"PARTIAL_LOCAL_EVIDENCE_AVAILABLE; exhaustiveness not established; additional retained/backup evidence UNKNOWN. | REGISTERED_WORKSPACES_PRESENT; execution records not bound here; other histories UNKNOWN, not presumed nonexistent or lost. | 653 retained run identities and 377 artifact identities AVAILABLE; two selected older logs HTTP_410; alternate archives UNKNOWN; source reconstruction potentially recoverable."
DERIVED-024,nonliteral_seed_reference,UNRESOLVED,UNRESOLVED,BOUND_SOURCE_OBSERVATION; HISTORICAL_FAMILY_UNRESOLVED,,DEP-03 | DEP-04 | DEP-05,"Bound source/default and current inclusion observations retained. Actual historical executions, relevant generator variants and exhaustive inputs remain unestablished; configuration/metadata observations are not automatically consumed seeds.",Custodian/evidence-backed exhaustive seed manifest OR a proved usable finite superset for the required historical scope; original identities only if using identity-based recovery.,"PARTIAL_LOCAL_EVIDENCE_AVAILABLE; exhaustiveness not established; additional retained/backup evidence UNKNOWN. | REGISTERED_WORKSPACES_PRESENT; execution records not bound here; other histories UNKNOWN, not presumed nonexistent or lost. | 653 retained run identities and 377 artifact identities AVAILABLE; two selected older logs HTTP_410; alternate archives UNKNOWN; source reconstruction potentially recoverable."
DERIVED-025,nonliteral_seed_reference,UNRESOLVED,UNRESOLVED,BOUND_SOURCE_OBSERVATION; HISTORICAL_FAMILY_UNRESOLVED,,DEP-03 | DEP-04 | DEP-05,"Bound source/default and current inclusion observations retained. Actual historical executions, relevant generator variants and exhaustive inputs remain unestablished; configuration/metadata observations are not automatically consumed seeds.",Custodian/evidence-backed exhaustive seed manifest OR a proved usable finite superset for the required historical scope; original identities only if using identity-based recovery.,"PARTIAL_LOCAL_EVIDENCE_AVAILABLE; exhaustiveness not established; additional retained/backup evidence UNKNOWN. | REGISTERED_WORKSPACES_PRESENT; execution records not bound here; other histories UNKNOWN, not presumed nonexistent or lost. | 653 retained run identities and 377 artifact identities AVAILABLE; two selected older logs HTTP_410; alternate archives UNKNOWN; source reconstruction potentially recoverable."
DERIVED-026,nonliteral_seed_reference,UNRESOLVED,UNRESOLVED,BOUND_SOURCE_OBSERVATION; HISTORICAL_FAMILY_UNRESOLVED,,DEP-03 | DEP-04 | DEP-05,"Bound source/default and current inclusion observations retained. Actual historical executions, relevant generator variants and exhaustive inputs remain unestablished; configuration/metadata observations are not automatically consumed seeds.",Custodian/evidence-backed exhaustive seed manifest OR a proved usable finite superset for the required historical scope; original identities only if using identity-based recovery.,"PARTIAL_LOCAL_EVIDENCE_AVAILABLE; exhaustiveness not established; additional retained/backup evidence UNKNOWN. | REGISTERED_WORKSPACES_PRESENT; execution records not bound here; other histories UNKNOWN, not presumed nonexistent or lost. | 653 retained run identities and 377 artifact identities AVAILABLE; two selected older logs HTTP_410; alternate archives UNKNOWN; source reconstruction potentially recoverable."
DERIVED-027,nonliteral_seed_reference,UNRESOLVED,UNRESOLVED,BOUND_SOURCE_OBSERVATION; HISTORICAL_FAMILY_UNRESOLVED,,DEP-03 | DEP-04 | DEP-05,"Bound source/default and current inclusion observations retained. Actual historical executions, relevant generator variants and exhaustive inputs remain unestablished; configuration/metadata observations are not automatically consumed seeds.",Custodian/evidence-backed exhaustive seed manifest OR a proved usable finite superset for the required historical scope; original identities only if using identity-based recovery.,"PARTIAL_LOCAL_EVIDENCE_AVAILABLE; exhaustiveness not established; additional retained/backup evidence UNKNOWN. | REGISTERED_WORKSPACES_PRESENT; execution records not bound here; other histories UNKNOWN, not presumed nonexistent or lost. | 653 retained run identities and 377 artifact identities AVAILABLE; two selected older logs HTTP_410; alternate archives UNKNOWN; source reconstruction potentially recoverable."
DERIVED-028,nonliteral_seed_reference,UNRESOLVED,UNRESOLVED,BOUND_SOURCE_OBSERVATION; HISTORICAL_FAMILY_UNRESOLVED,,DEP-03 | DEP-04 | DEP-05,"Bound source/default and current inclusion observations retained. Actual historical executions, relevant generator variants and exhaustive inputs remain unestablished; configuration/metadata observations are not automatically consumed seeds.",Custodian/evidence-backed exhaustive seed manifest OR a proved usable finite superset for the required historical scope; original identities only if using identity-based recovery.,"PARTIAL_LOCAL_EVIDENCE_AVAILABLE; exhaustiveness not established; additional retained/backup evidence UNKNOWN. | REGISTERED_WORKSPACES_PRESENT; execution records not bound here; other histories UNKNOWN, not presumed nonexistent or lost. | 653 retained run identities and 377 artifact identities AVAILABLE; two selected older logs HTTP_410; alternate archives UNKNOWN; source reconstruction potentially recoverable."
DERIVED-029,nonliteral_seed_reference,UNRESOLVED,UNRESOLVED,BOUND_SOURCE_OBSERVATION; HISTORICAL_FAMILY_UNRESOLVED,,DEP-03 | DEP-04 | DEP-05,"Bound source/default and current inclusion observations retained. Actual historical executions, relevant generator variants and exhaustive inputs remain unestablished; configuration/metadata observations are not automatically consumed seeds.",Custodian/evidence-backed exhaustive seed manifest OR a proved usable finite superset for the required historical scope; original identities only if using identity-based recovery.,"PARTIAL_LOCAL_EVIDENCE_AVAILABLE; exhaustiveness not established; additional retained/backup evidence UNKNOWN. | REGISTERED_WORKSPACES_PRESENT; execution records not bound here; other histories UNKNOWN, not presumed nonexistent or lost. | 653 retained run identities and 377 artifact identities AVAILABLE; two selected older logs HTTP_410; alternate archives UNKNOWN; source reconstruction potentially recoverable."
DERIVED-030,nonliteral_seed_reference,UNRESOLVED,UNRESOLVED,BOUND_SOURCE_OBSERVATION; HISTORICAL_FAMILY_UNRESOLVED,,DEP-03 | DEP-04 | DEP-05,"Bound source/default and current inclusion observations retained. Actual historical executions, relevant generator variants and exhaustive inputs remain unestablished; configuration/metadata observations are not automatically consumed seeds.",Custodian/evidence-backed exhaustive seed manifest OR a proved usable finite superset for the required historical scope; original identities only if using identity-based recovery.,"PARTIAL_LOCAL_EVIDENCE_AVAILABLE; exhaustiveness not established; additional retained/backup evidence UNKNOWN. | REGISTERED_WORKSPACES_PRESENT; execution records not bound here; other histories UNKNOWN, not presumed nonexistent or lost. | 653 retained run identities and 377 artifact identities AVAILABLE; two selected older logs HTTP_410; alternate archives UNKNOWN; source reconstruction potentially recoverable."
DERIVED-031,nonliteral_seed_reference,UNRESOLVED,UNRESOLVED,BOUND_SOURCE_OBSERVATION; HISTORICAL_FAMILY_UNRESOLVED,,DEP-03 | DEP-04 | DEP-05,"Bound source/default and current inclusion observations retained. Actual historical executions, relevant generator variants and exhaustive inputs remain unestablished; configuration/metadata observations are not automatically consumed seeds.",Custodian/evidence-backed exhaustive seed manifest OR a proved usable finite superset for the required historical scope; original identities only if using identity-based recovery.,"PARTIAL_LOCAL_EVIDENCE_AVAILABLE; exhaustiveness not established; additional retained/backup evidence UNKNOWN. | REGISTERED_WORKSPACES_PRESENT; execution records not bound here; other histories UNKNOWN, not presumed nonexistent or lost. | 653 retained run identities and 377 artifact identities AVAILABLE; two selected older logs HTTP_410; alternate archives UNKNOWN; source reconstruction potentially recoverable."
DERIVED-032,nonliteral_seed_reference,UNRESOLVED,UNRESOLVED,BOUND_SOURCE_OBSERVATION; HISTORICAL_FAMILY_UNRESOLVED,,DEP-03 | DEP-04 | DEP-05,"Bound source/default and current inclusion observations retained. Actual historical executions, relevant generator variants and exhaustive inputs remain unestablished; configuration/metadata observations are not automatically consumed seeds.",Custodian/evidence-backed exhaustive seed manifest OR a proved usable finite superset for the required historical scope; original identities only if using identity-based recovery.,"PARTIAL_LOCAL_EVIDENCE_AVAILABLE; exhaustiveness not established; additional retained/backup evidence UNKNOWN. | REGISTERED_WORKSPACES_PRESENT; execution records not bound here; other histories UNKNOWN, not presumed nonexistent or lost. | 653 retained run identities and 377 artifact identities AVAILABLE; two selected older logs HTTP_410; alternate archives UNKNOWN; source reconstruction potentially recoverable."
DERIVED-033,nonliteral_seed_reference,UNRESOLVED,UNRESOLVED,BOUND_SOURCE_OBSERVATION; HISTORICAL_FAMILY_UNRESOLVED,,DEP-03 | DEP-04 | DEP-05,"Bound source/default and current inclusion observations retained. Actual historical executions, relevant generator variants and exhaustive inputs remain unestablished; configuration/metadata observations are not automatically consumed seeds.",Custodian/evidence-backed exhaustive seed manifest OR a proved usable finite superset for the required historical scope; original identities only if using identity-based recovery.,"PARTIAL_LOCAL_EVIDENCE_AVAILABLE; exhaustiveness not established; additional retained/backup evidence UNKNOWN. | REGISTERED_WORKSPACES_PRESENT; execution records not bound here; other histories UNKNOWN, not presumed nonexistent or lost. | 653 retained run identities and 377 artifact identities AVAILABLE; two selected older logs HTTP_410; alternate archives UNKNOWN; source reconstruction potentially recoverable."
DERIVED-034,nonliteral_seed_reference,UNRESOLVED,UNRESOLVED,IDENTIFIED_RETAINED_EXECUTIONS_COVERED,SEED-0043,DEP-03 | DEP-04 | DEP-05,"Actual recorded seed of each identified retained instance is included. Remaining dependency is exhaustive historical family coverage, not recovery of those recorded values.",Custodian/evidence-backed exhaustive seed manifest OR a proved usable finite superset for the required historical scope; original identities only if using identity-based recovery.,"PARTIAL_LOCAL_EVIDENCE_AVAILABLE; exhaustiveness not established; additional retained/backup evidence UNKNOWN. | REGISTERED_WORKSPACES_PRESENT; execution records not bound here; other histories UNKNOWN, not presumed nonexistent or lost. | 653 retained run identities and 377 artifact identities AVAILABLE; two selected older logs HTTP_410; alternate archives UNKNOWN; source reconstruction potentially recoverable."
DERIVED-035,nonliteral_seed_reference,UNRESOLVED,UNRESOLVED,BOUND_SOURCE_OBSERVATION; HISTORICAL_FAMILY_UNRESOLVED,,DEP-03 | DEP-04 | DEP-05,"Bound source/default and current inclusion observations retained. Actual historical executions, relevant generator variants and exhaustive inputs remain unestablished; configuration/metadata observations are not automatically consumed seeds.",Custodian/evidence-backed exhaustive seed manifest OR a proved usable finite superset for the required historical scope; original identities only if using identity-based recovery.,"PARTIAL_LOCAL_EVIDENCE_AVAILABLE; exhaustiveness not established; additional retained/backup evidence UNKNOWN. | REGISTERED_WORKSPACES_PRESENT; execution records not bound here; other histories UNKNOWN, not presumed nonexistent or lost. | 653 retained run identities and 377 artifact identities AVAILABLE; two selected older logs HTTP_410; alternate archives UNKNOWN; source reconstruction potentially recoverable."
DERIVED-036,nonliteral_seed_reference,UNRESOLVED,UNRESOLVED,BOUND_SOURCE_OBSERVATION; HISTORICAL_FAMILY_UNRESOLVED,,DEP-03 | DEP-04 | DEP-05,"Bound source/default and current inclusion observations retained. Actual historical executions, relevant generator variants and exhaustive inputs remain unestablished; configuration/metadata observations are not automatically consumed seeds.",Custodian/evidence-backed exhaustive seed manifest OR a proved usable finite superset for the required historical scope; original identities only if using identity-based recovery.,"PARTIAL_LOCAL_EVIDENCE_AVAILABLE; exhaustiveness not established; additional retained/backup evidence UNKNOWN. | REGISTERED_WORKSPACES_PRESENT; execution records not bound here; other histories UNKNOWN, not presumed nonexistent or lost. | 653 retained run identities and 377 artifact identities AVAILABLE; two selected older logs HTTP_410; alternate archives UNKNOWN; source reconstruction potentially recoverable."
DERIVED-037,nonliteral_seed_reference,UNRESOLVED,UNRESOLVED,BOUND_SOURCE_OBSERVATION; HISTORICAL_FAMILY_UNRESOLVED,,DEP-03 | DEP-04 | DEP-05,"Bound source/default and current inclusion observations retained. Actual historical executions, relevant generator variants and exhaustive inputs remain unestablished; configuration/metadata observations are not automatically consumed seeds.",Custodian/evidence-backed exhaustive seed manifest OR a proved usable finite superset for the required historical scope; original identities only if using identity-based recovery.,"PARTIAL_LOCAL_EVIDENCE_AVAILABLE; exhaustiveness not established; additional retained/backup evidence UNKNOWN. | REGISTERED_WORKSPACES_PRESENT; execution records not bound here; other histories UNKNOWN, not presumed nonexistent or lost. | 653 retained run identities and 377 artifact identities AVAILABLE; two selected older logs HTTP_410; alternate archives UNKNOWN; source reconstruction potentially recoverable."
DERIVED-038,nonliteral_seed_reference,UNRESOLVED,UNRESOLVED,BOUND_SOURCE_OBSERVATION; HISTORICAL_FAMILY_UNRESOLVED,,DEP-03 | DEP-04 | DEP-05,"Bound source/default and current inclusion observations retained. Actual historical executions, relevant generator variants and exhaustive inputs remain unestablished; configuration/metadata observations are not automatically consumed seeds.",Custodian/evidence-backed exhaustive seed manifest OR a proved usable finite superset for the required historical scope; original identities only if using identity-based recovery.,"PARTIAL_LOCAL_EVIDENCE_AVAILABLE; exhaustiveness not established; additional retained/backup evidence UNKNOWN. | REGISTERED_WORKSPACES_PRESENT; execution records not bound here; other histories UNKNOWN, not presumed nonexistent or lost. | 653 retained run identities and 377 artifact identities AVAILABLE; two selected older logs HTTP_410; alternate archives UNKNOWN; source reconstruction potentially recoverable."
DERIVED-039,nonliteral_seed_reference,UNRESOLVED,UNRESOLVED,BOUND_SOURCE_OBSERVATION; HISTORICAL_FAMILY_UNRESOLVED,,DEP-03 | DEP-04 | DEP-05,"Bound source/default and current inclusion observations retained. Actual historical executions, relevant generator variants and exhaustive inputs remain unestablished; configuration/metadata observations are not automatically consumed seeds.",Custodian/evidence-backed exhaustive seed manifest OR a proved usable finite superset for the required historical scope; original identities only if using identity-based recovery.,"PARTIAL_LOCAL_EVIDENCE_AVAILABLE; exhaustiveness not established; additional retained/backup evidence UNKNOWN. | REGISTERED_WORKSPACES_PRESENT; execution records not bound here; other histories UNKNOWN, not presumed nonexistent or lost. | 653 retained run identities and 377 artifact identities AVAILABLE; two selected older logs HTTP_410; alternate archives UNKNOWN; source reconstruction potentially recoverable."
DERIVED-040,nonliteral_seed_reference,UNRESOLVED,UNRESOLVED,BOUND_SOURCE_OBSERVATION; HISTORICAL_FAMILY_UNRESOLVED,,DEP-03 | DEP-04 | DEP-05,"Bound source/default and current inclusion observations retained. Actual historical executions, relevant generator variants and exhaustive inputs remain unestablished; configuration/metadata observations are not automatically consumed seeds.",Custodian/evidence-backed exhaustive seed manifest OR a proved usable finite superset for the required historical scope; original identities only if using identity-based recovery.,"PARTIAL_LOCAL_EVIDENCE_AVAILABLE; exhaustiveness not established; additional retained/backup evidence UNKNOWN. | REGISTERED_WORKSPACES_PRESENT; execution records not bound here; other histories UNKNOWN, not presumed nonexistent or lost. | 653 retained run identities and 377 artifact identities AVAILABLE; two selected older logs HTTP_410; alternate archives UNKNOWN; source reconstruction potentially recoverable."
DERIVED-041,nonliteral_seed_reference,UNRESOLVED,UNRESOLVED,BOUND_SOURCE_OBSERVATION; HISTORICAL_FAMILY_UNRESOLVED,,DEP-03 | DEP-04 | DEP-05,"Bound source/default and current inclusion observations retained. Actual historical executions, relevant generator variants and exhaustive inputs remain unestablished; configuration/metadata observations are not automatically consumed seeds.",Custodian/evidence-backed exhaustive seed manifest OR a proved usable finite superset for the required historical scope; original identities only if using identity-based recovery.,"PARTIAL_LOCAL_EVIDENCE_AVAILABLE; exhaustiveness not established; additional retained/backup evidence UNKNOWN. | REGISTERED_WORKSPACES_PRESENT; execution records not bound here; other histories UNKNOWN, not presumed nonexistent or lost. | 653 retained run identities and 377 artifact identities AVAILABLE; two selected older logs HTTP_410; alternate archives UNKNOWN; source reconstruction potentially recoverable."
DERIVED-042,nonliteral_seed_reference,UNRESOLVED,UNRESOLVED,BOUND_SOURCE_OBSERVATION; HISTORICAL_FAMILY_UNRESOLVED,,DEP-03 | DEP-04 | DEP-05,"Bound source/default and current inclusion observations retained. Actual historical executions, relevant generator variants and exhaustive inputs remain unestablished; configuration/metadata observations are not automatically consumed seeds.",Custodian/evidence-backed exhaustive seed manifest OR a proved usable finite superset for the required historical scope; original identities only if using identity-based recovery.,"PARTIAL_LOCAL_EVIDENCE_AVAILABLE; exhaustiveness not established; additional retained/backup evidence UNKNOWN. | REGISTERED_WORKSPACES_PRESENT; execution records not bound here; other histories UNKNOWN, not presumed nonexistent or lost. | 653 retained run identities and 377 artifact identities AVAILABLE; two selected older logs HTTP_410; alternate archives UNKNOWN; source reconstruction potentially recoverable."
DERIVED-043,nonliteral_seed_reference,UNRESOLVED,UNRESOLVED,BOUND_SOURCE_OBSERVATION; HISTORICAL_FAMILY_UNRESOLVED,,DEP-03 | DEP-04 | DEP-05,"Bound source/default and current inclusion observations retained. Actual historical executions, relevant generator variants and exhaustive inputs remain unestablished; configuration/metadata observations are not automatically consumed seeds.",Custodian/evidence-backed exhaustive seed manifest OR a proved usable finite superset for the required historical scope; original identities only if using identity-based recovery.,"PARTIAL_LOCAL_EVIDENCE_AVAILABLE; exhaustiveness not established; additional retained/backup evidence UNKNOWN. | REGISTERED_WORKSPACES_PRESENT; execution records not bound here; other histories UNKNOWN, not presumed nonexistent or lost. | 653 retained run identities and 377 artifact identities AVAILABLE; two selected older logs HTTP_410; alternate archives UNKNOWN; source reconstruction potentially recoverable."
DERIVED-044,nonliteral_seed_reference,UNRESOLVED,UNRESOLVED,BOUND_SOURCE_OBSERVATION; HISTORICAL_FAMILY_UNRESOLVED,,DEP-03 | DEP-04 | DEP-05,"Bound source/default and current inclusion observations retained. Actual historical executions, relevant generator variants and exhaustive inputs remain unestablished; configuration/metadata observations are not automatically consumed seeds.",Custodian/evidence-backed exhaustive seed manifest OR a proved usable finite superset for the required historical scope; original identities only if using identity-based recovery.,"PARTIAL_LOCAL_EVIDENCE_AVAILABLE; exhaustiveness not established; additional retained/backup evidence UNKNOWN. | REGISTERED_WORKSPACES_PRESENT; execution records not bound here; other histories UNKNOWN, not presumed nonexistent or lost. | 653 retained run identities and 377 artifact identities AVAILABLE; two selected older logs HTTP_410; alternate archives UNKNOWN; source reconstruction potentially recoverable."
DERIVED-045,nonliteral_seed_reference,UNRESOLVED,UNRESOLVED,BOUND_SOURCE_OBSERVATION; HISTORICAL_FAMILY_UNRESOLVED,,DEP-03 | DEP-04 | DEP-05,"Bound source/default and current inclusion observations retained. Actual historical executions, relevant generator variants and exhaustive inputs remain unestablished; configuration/metadata observations are not automatically consumed seeds.",Custodian/evidence-backed exhaustive seed manifest OR a proved usable finite superset for the required historical scope; original identities only if using identity-based recovery.,"PARTIAL_LOCAL_EVIDENCE_AVAILABLE; exhaustiveness not established; additional retained/backup evidence UNKNOWN. | REGISTERED_WORKSPACES_PRESENT; execution records not bound here; other histories UNKNOWN, not presumed nonexistent or lost. | 653 retained run identities and 377 artifact identities AVAILABLE; two selected older logs HTTP_410; alternate archives UNKNOWN; source reconstruction potentially recoverable."
DERIVED-046,nonliteral_seed_reference,UNRESOLVED,UNRESOLVED,BOUND_SOURCE_OBSERVATION; HISTORICAL_FAMILY_UNRESOLVED,,DEP-03 | DEP-04 | DEP-05,"Bound source/default and current inclusion observations retained. Actual historical executions, relevant generator variants and exhaustive inputs remain unestablished; configuration/metadata observations are not automatically consumed seeds.",Custodian/evidence-backed exhaustive seed manifest OR a proved usable finite superset for the required historical scope; original identities only if using identity-based recovery.,"PARTIAL_LOCAL_EVIDENCE_AVAILABLE; exhaustiveness not established; additional retained/backup evidence UNKNOWN. | REGISTERED_WORKSPACES_PRESENT; execution records not bound here; other histories UNKNOWN, not presumed nonexistent or lost. | 653 retained run identities and 377 artifact identities AVAILABLE; two selected older logs HTTP_410; alternate archives UNKNOWN; source reconstruction potentially recoverable."
DERIVED-047,nonliteral_seed_reference,UNRESOLVED,UNRESOLVED,BOUND_SOURCE_OBSERVATION; HISTORICAL_FAMILY_UNRESOLVED,,DEP-03 | DEP-04 | DEP-05,"Bound source/default and current inclusion observations retained. Actual historical executions, relevant generator variants and exhaustive inputs remain unestablished; configuration/metadata observations are not automatically consumed seeds.",Custodian/evidence-backed exhaustive seed manifest OR a proved usable finite superset for the required historical scope; original identities only if using identity-based recovery.,"PARTIAL_LOCAL_EVIDENCE_AVAILABLE; exhaustiveness not established; additional retained/backup evidence UNKNOWN. | REGISTERED_WORKSPACES_PRESENT; execution records not bound here; other histories UNKNOWN, not presumed nonexistent or lost. | 653 retained run identities and 377 artifact identities AVAILABLE; two selected older logs HTTP_410; alternate archives UNKNOWN; source reconstruction potentially recoverable."
DERIVED-048,nonliteral_seed_reference,UNRESOLVED,UNRESOLVED,BOUND_SOURCE_OBSERVATION; HISTORICAL_FAMILY_UNRESOLVED,,DEP-03 | DEP-04 | DEP-05,"Bound source/default and current inclusion observations retained. Actual historical executions, relevant generator variants and exhaustive inputs remain unestablished; configuration/metadata observations are not automatically consumed seeds.",Custodian/evidence-backed exhaustive seed manifest OR a proved usable finite superset for the required historical scope; original identities only if using identity-based recovery.,"PARTIAL_LOCAL_EVIDENCE_AVAILABLE; exhaustiveness not established; additional retained/backup evidence UNKNOWN. | REGISTERED_WORKSPACES_PRESENT; execution records not bound here; other histories UNKNOWN, not presumed nonexistent or lost. | 653 retained run identities and 377 artifact identities AVAILABLE; two selected older logs HTTP_410; alternate archives UNKNOWN; source reconstruction potentially recoverable."
DERIVED-049,nonliteral_seed_reference,UNRESOLVED,UNRESOLVED,BOUND_SOURCE_OBSERVATION; HISTORICAL_FAMILY_UNRESOLVED,,DEP-03 | DEP-04 | DEP-05,"Bound source/default and current inclusion observations retained. Actual historical executions, relevant generator variants and exhaustive inputs remain unestablished; configuration/metadata observations are not automatically consumed seeds.",Custodian/evidence-backed exhaustive seed manifest OR a proved usable finite superset for the required historical scope; original identities only if using identity-based recovery.,"PARTIAL_LOCAL_EVIDENCE_AVAILABLE; exhaustiveness not established; additional retained/backup evidence UNKNOWN. | REGISTERED_WORKSPACES_PRESENT; execution records not bound here; other histories UNKNOWN, not presumed nonexistent or lost. | 653 retained run identities and 377 artifact identities AVAILABLE; two selected older logs HTTP_410; alternate archives UNKNOWN; source reconstruction potentially recoverable."
DERIVED-050,nonliteral_seed_reference,UNRESOLVED,UNRESOLVED,BOUND_SOURCE_OBSERVATION; HISTORICAL_FAMILY_UNRESOLVED,,DEP-03 | DEP-04 | DEP-05,"Bound source/default and current inclusion observations retained. Actual historical executions, relevant generator variants and exhaustive inputs remain unestablished; configuration/metadata observations are not automatically consumed seeds.",Custodian/evidence-backed exhaustive seed manifest OR a proved usable finite superset for the required historical scope; original identities only if using identity-based recovery.,"PARTIAL_LOCAL_EVIDENCE_AVAILABLE; exhaustiveness not established; additional retained/backup evidence UNKNOWN. | REGISTERED_WORKSPACES_PRESENT; execution records not bound here; other histories UNKNOWN, not presumed nonexistent or lost. | 653 retained run identities and 377 artifact identities AVAILABLE; two selected older logs HTTP_410; alternate archives UNKNOWN; source reconstruction potentially recoverable."
DERIVED-051,nonliteral_seed_reference,UNRESOLVED,UNRESOLVED,BOUND_SOURCE_OBSERVATION; HISTORICAL_FAMILY_UNRESOLVED,,DEP-03 | DEP-04 | DEP-05,"Bound source/default and current inclusion observations retained. Actual historical executions, relevant generator variants and exhaustive inputs remain unestablished; configuration/metadata observations are not automatically consumed seeds.",Custodian/evidence-backed exhaustive seed manifest OR a proved usable finite superset for the required historical scope; original identities only if using identity-based recovery.,"PARTIAL_LOCAL_EVIDENCE_AVAILABLE; exhaustiveness not established; additional retained/backup evidence UNKNOWN. | REGISTERED_WORKSPACES_PRESENT; execution records not bound here; other histories UNKNOWN, not presumed nonexistent or lost. | 653 retained run identities and 377 artifact identities AVAILABLE; two selected older logs HTTP_410; alternate archives UNKNOWN; source reconstruction potentially recoverable."
DERIVED-052,nonliteral_seed_reference,UNRESOLVED,UNRESOLVED,BOUND_SOURCE_OBSERVATION; HISTORICAL_FAMILY_UNRESOLVED,,DEP-03 | DEP-04 | DEP-05,"Bound source/default and current inclusion observations retained. Actual historical executions, relevant generator variants and exhaustive inputs remain unestablished; configuration/metadata observations are not automatically consumed seeds.",Custodian/evidence-backed exhaustive seed manifest OR a proved usable finite superset for the required historical scope; original identities only if using identity-based recovery.,"PARTIAL_LOCAL_EVIDENCE_AVAILABLE; exhaustiveness not established; additional retained/backup evidence UNKNOWN. | REGISTERED_WORKSPACES_PRESENT; execution records not bound here; other histories UNKNOWN, not presumed nonexistent or lost. | 653 retained run identities and 377 artifact identities AVAILABLE; two selected older logs HTTP_410; alternate archives UNKNOWN; source reconstruction potentially recoverable."
DERIVED-053,nonliteral_seed_reference,UNRESOLVED,UNRESOLVED,BOUND_SOURCE_OBSERVATION; HISTORICAL_FAMILY_UNRESOLVED,,DEP-03 | DEP-04 | DEP-05,"Bound source/default and current inclusion observations retained. Actual historical executions, relevant generator variants and exhaustive inputs remain unestablished; configuration/metadata observations are not automatically consumed seeds.",Custodian/evidence-backed exhaustive seed manifest OR a proved usable finite superset for the required historical scope; original identities only if using identity-based recovery.,"PARTIAL_LOCAL_EVIDENCE_AVAILABLE; exhaustiveness not established; additional retained/backup evidence UNKNOWN. | REGISTERED_WORKSPACES_PRESENT; execution records not bound here; other histories UNKNOWN, not presumed nonexistent or lost. | 653 retained run identities and 377 artifact identities AVAILABLE; two selected older logs HTTP_410; alternate archives UNKNOWN; source reconstruction potentially recoverable."
DERIVED-054,nonliteral_seed_reference,UNRESOLVED,UNRESOLVED,BOUND_SOURCE_OBSERVATION; HISTORICAL_FAMILY_UNRESOLVED,,DEP-03 | DEP-04 | DEP-05,"Bound source/default and current inclusion observations retained. Actual historical executions, relevant generator variants and exhaustive inputs remain unestablished; configuration/metadata observations are not automatically consumed seeds.",Custodian/evidence-backed exhaustive seed manifest OR a proved usable finite superset for the required historical scope; original identities only if using identity-based recovery.,"PARTIAL_LOCAL_EVIDENCE_AVAILABLE; exhaustiveness not established; additional retained/backup evidence UNKNOWN. | REGISTERED_WORKSPACES_PRESENT; execution records not bound here; other histories UNKNOWN, not presumed nonexistent or lost. | 653 retained run identities and 377 artifact identities AVAILABLE; two selected older logs HTTP_410; alternate archives UNKNOWN; source reconstruction potentially recoverable."
DERIVED-055,nonliteral_seed_reference,UNRESOLVED,UNRESOLVED,BOUND_SOURCE_OBSERVATION; HISTORICAL_FAMILY_UNRESOLVED,,DEP-03 | DEP-04 | DEP-05,"Bound source/default and current inclusion observations retained. Actual historical executions, relevant generator variants and exhaustive inputs remain unestablished; configuration/metadata observations are not automatically consumed seeds.",Custodian/evidence-backed exhaustive seed manifest OR a proved usable finite superset for the required historical scope; original identities only if using identity-based recovery.,"PARTIAL_LOCAL_EVIDENCE_AVAILABLE; exhaustiveness not established; additional retained/backup evidence UNKNOWN. | REGISTERED_WORKSPACES_PRESENT; execution records not bound here; other histories UNKNOWN, not presumed nonexistent or lost. | 653 retained run identities and 377 artifact identities AVAILABLE; two selected older logs HTTP_410; alternate archives UNKNOWN; source reconstruction potentially recoverable."
DERIVED-056,nonliteral_seed_reference,UNRESOLVED,UNRESOLVED,BOUND_SOURCE_OBSERVATION; HISTORICAL_FAMILY_UNRESOLVED,,DEP-03 | DEP-04 | DEP-05,"Bound source/default and current inclusion observations retained. Actual historical executions, relevant generator variants and exhaustive inputs remain unestablished; configuration/metadata observations are not automatically consumed seeds.",Custodian/evidence-backed exhaustive seed manifest OR a proved usable finite superset for the required historical scope; original identities only if using identity-based recovery.,"PARTIAL_LOCAL_EVIDENCE_AVAILABLE; exhaustiveness not established; additional retained/backup evidence UNKNOWN. | REGISTERED_WORKSPACES_PRESENT; execution records not bound here; other histories UNKNOWN, not presumed nonexistent or lost. | 653 retained run identities and 377 artifact identities AVAILABLE; two selected older logs HTTP_410; alternate archives UNKNOWN; source reconstruction potentially recoverable."
DERIVED-057,nonliteral_seed_reference,UNRESOLVED,UNRESOLVED,BOUND_SOURCE_OBSERVATION; HISTORICAL_FAMILY_UNRESOLVED,,DEP-03 | DEP-04 | DEP-05,"Bound source/default and current inclusion observations retained. Actual historical executions, relevant generator variants and exhaustive inputs remain unestablished; configuration/metadata observations are not automatically consumed seeds.",Custodian/evidence-backed exhaustive seed manifest OR a proved usable finite superset for the required historical scope; original identities only if using identity-based recovery.,"PARTIAL_LOCAL_EVIDENCE_AVAILABLE; exhaustiveness not established; additional retained/backup evidence UNKNOWN. | REGISTERED_WORKSPACES_PRESENT; execution records not bound here; other histories UNKNOWN, not presumed nonexistent or lost. | 653 retained run identities and 377 artifact identities AVAILABLE; two selected older logs HTTP_410; alternate archives UNKNOWN; source reconstruction potentially recoverable."
DERIVED-058,nonliteral_seed_reference,UNRESOLVED,UNRESOLVED,BOUND_SOURCE_OBSERVATION; HISTORICAL_FAMILY_UNRESOLVED,,DEP-03 | DEP-04 | DEP-05,"Bound source/default and current inclusion observations retained. Actual historical executions, relevant generator variants and exhaustive inputs remain unestablished; configuration/metadata observations are not automatically consumed seeds.",Custodian/evidence-backed exhaustive seed manifest OR a proved usable finite superset for the required historical scope; original identities only if using identity-based recovery.,"PARTIAL_LOCAL_EVIDENCE_AVAILABLE; exhaustiveness not established; additional retained/backup evidence UNKNOWN. | REGISTERED_WORKSPACES_PRESENT; execution records not bound here; other histories UNKNOWN, not presumed nonexistent or lost. | 653 retained run identities and 377 artifact identities AVAILABLE; two selected older logs HTTP_410; alternate archives UNKNOWN; source reconstruction potentially recoverable."
DERIVED-059,nonliteral_seed_reference,UNRESOLVED,UNRESOLVED,BOUND_SOURCE_OBSERVATION; HISTORICAL_FAMILY_UNRESOLVED,,DEP-03 | DEP-04 | DEP-05,"Bound source/default and current inclusion observations retained. Actual historical executions, relevant generator variants and exhaustive inputs remain unestablished; configuration/metadata observations are not automatically consumed seeds.",Custodian/evidence-backed exhaustive seed manifest OR a proved usable finite superset for the required historical scope; original identities only if using identity-based recovery.,"PARTIAL_LOCAL_EVIDENCE_AVAILABLE; exhaustiveness not established; additional retained/backup evidence UNKNOWN. | REGISTERED_WORKSPACES_PRESENT; execution records not bound here; other histories UNKNOWN, not presumed nonexistent or lost. | 653 retained run identities and 377 artifact identities AVAILABLE; two selected older logs HTTP_410; alternate archives UNKNOWN; source reconstruction potentially recoverable."
DERIVED-060,nonliteral_seed_reference,UNRESOLVED,UNRESOLVED,BOUND_SOURCE_OBSERVATION; HISTORICAL_FAMILY_UNRESOLVED,,DEP-03 | DEP-04 | DEP-05,"Bound source/default and current inclusion observations retained. Actual historical executions, relevant generator variants and exhaustive inputs remain unestablished; configuration/metadata observations are not automatically consumed seeds.",Custodian/evidence-backed exhaustive seed manifest OR a proved usable finite superset for the required historical scope; original identities only if using identity-based recovery.,"PARTIAL_LOCAL_EVIDENCE_AVAILABLE; exhaustiveness not established; additional retained/backup evidence UNKNOWN. | REGISTERED_WORKSPACES_PRESENT; execution records not bound here; other histories UNKNOWN, not presumed nonexistent or lost. | 653 retained run identities and 377 artifact identities AVAILABLE; two selected older logs HTTP_410; alternate archives UNKNOWN; source reconstruction potentially recoverable."
DERIVED-061,nonliteral_seed_reference,UNRESOLVED,UNRESOLVED,BOUND_SOURCE_OBSERVATION; HISTORICAL_FAMILY_UNRESOLVED,,DEP-03 | DEP-04 | DEP-05,"Bound source/default and current inclusion observations retained. Actual historical executions, relevant generator variants and exhaustive inputs remain unestablished; configuration/metadata observations are not automatically consumed seeds.",Custodian/evidence-backed exhaustive seed manifest OR a proved usable finite superset for the required historical scope; original identities only if using identity-based recovery.,"PARTIAL_LOCAL_EVIDENCE_AVAILABLE; exhaustiveness not established; additional retained/backup evidence UNKNOWN. | REGISTERED_WORKSPACES_PRESENT; execution records not bound here; other histories UNKNOWN, not presumed nonexistent or lost. | 653 retained run identities and 377 artifact identities AVAILABLE; two selected older logs HTTP_410; alternate archives UNKNOWN; source reconstruction potentially recoverable."
DERIVED-062,nonliteral_seed_reference,UNRESOLVED,UNRESOLVED,BOUND_SOURCE_OBSERVATION; HISTORICAL_FAMILY_UNRESOLVED,,DEP-03 | DEP-04 | DEP-05,"Bound source/default and current inclusion observations retained. Actual historical executions, relevant generator variants and exhaustive inputs remain unestablished; configuration/metadata observations are not automatically consumed seeds.",Custodian/evidence-backed exhaustive seed manifest OR a proved usable finite superset for the required historical scope; original identities only if using identity-based recovery.,"PARTIAL_LOCAL_EVIDENCE_AVAILABLE; exhaustiveness not established; additional retained/backup evidence UNKNOWN. | REGISTERED_WORKSPACES_PRESENT; execution records not bound here; other histories UNKNOWN, not presumed nonexistent or lost. | 653 retained run identities and 377 artifact identities AVAILABLE; two selected older logs HTTP_410; alternate archives UNKNOWN; source reconstruction potentially recoverable."
DERIVED-063,nonliteral_seed_reference,UNRESOLVED,UNRESOLVED,BOUND_SOURCE_OBSERVATION; HISTORICAL_FAMILY_UNRESOLVED,,DEP-03 | DEP-04 | DEP-05,"Bound source/default and current inclusion observations retained. Actual historical executions, relevant generator variants and exhaustive inputs remain unestablished; configuration/metadata observations are not automatically consumed seeds.",Custodian/evidence-backed exhaustive seed manifest OR a proved usable finite superset for the required historical scope; original identities only if using identity-based recovery.,"PARTIAL_LOCAL_EVIDENCE_AVAILABLE; exhaustiveness not established; additional retained/backup evidence UNKNOWN. | REGISTERED_WORKSPACES_PRESENT; execution records not bound here; other histories UNKNOWN, not presumed nonexistent or lost. | 653 retained run identities and 377 artifact identities AVAILABLE; two selected older logs HTTP_410; alternate archives UNKNOWN; source reconstruction potentially recoverable."
DERIVED-064,nonliteral_seed_reference,UNRESOLVED,UNRESOLVED,BOUND_SOURCE_OBSERVATION; HISTORICAL_FAMILY_UNRESOLVED,,DEP-03 | DEP-04 | DEP-05,"Bound source/default and current inclusion observations retained. Actual historical executions, relevant generator variants and exhaustive inputs remain unestablished; configuration/metadata observations are not automatically consumed seeds.",Custodian/evidence-backed exhaustive seed manifest OR a proved usable finite superset for the required historical scope; original identities only if using identity-based recovery.,"PARTIAL_LOCAL_EVIDENCE_AVAILABLE; exhaustiveness not established; additional retained/backup evidence UNKNOWN. | REGISTERED_WORKSPACES_PRESENT; execution records not bound here; other histories UNKNOWN, not presumed nonexistent or lost. | 653 retained run identities and 377 artifact identities AVAILABLE; two selected older logs HTTP_410; alternate archives UNKNOWN; source reconstruction potentially recoverable."
DERIVED-065,nonliteral_seed_reference,UNRESOLVED,UNRESOLVED,BOUND_SOURCE_OBSERVATION; HISTORICAL_FAMILY_UNRESOLVED,,DEP-03 | DEP-04 | DEP-05,"Bound source/default and current inclusion observations retained. Actual historical executions, relevant generator variants and exhaustive inputs remain unestablished; configuration/metadata observations are not automatically consumed seeds.",Custodian/evidence-backed exhaustive seed manifest OR a proved usable finite superset for the required historical scope; original identities only if using identity-based recovery.,"PARTIAL_LOCAL_EVIDENCE_AVAILABLE; exhaustiveness not established; additional retained/backup evidence UNKNOWN. | REGISTERED_WORKSPACES_PRESENT; execution records not bound here; other histories UNKNOWN, not presumed nonexistent or lost. | 653 retained run identities and 377 artifact identities AVAILABLE; two selected older logs HTTP_410; alternate archives UNKNOWN; source reconstruction potentially recoverable."
DERIVED-066,nonliteral_seed_reference,UNRESOLVED,UNRESOLVED,BOUND_SOURCE_OBSERVATION; HISTORICAL_FAMILY_UNRESOLVED,,DEP-03 | DEP-04 | DEP-05,"Bound source/default and current inclusion observations retained. Actual historical executions, relevant generator variants and exhaustive inputs remain unestablished; configuration/metadata observations are not automatically consumed seeds.",Custodian/evidence-backed exhaustive seed manifest OR a proved usable finite superset for the required historical scope; original identities only if using identity-based recovery.,"PARTIAL_LOCAL_EVIDENCE_AVAILABLE; exhaustiveness not established; additional retained/backup evidence UNKNOWN. | REGISTERED_WORKSPACES_PRESENT; execution records not bound here; other histories UNKNOWN, not presumed nonexistent or lost. | 653 retained run identities and 377 artifact identities AVAILABLE; two selected older logs HTTP_410; alternate archives UNKNOWN; source reconstruction potentially recoverable."
DERIVED-067,nonliteral_seed_reference,UNRESOLVED,UNRESOLVED,BOUND_SOURCE_OBSERVATION; HISTORICAL_FAMILY_UNRESOLVED,,DEP-03 | DEP-04 | DEP-05,"Bound source/default and current inclusion observations retained. Actual historical executions, relevant generator variants and exhaustive inputs remain unestablished; configuration/metadata observations are not automatically consumed seeds.",Custodian/evidence-backed exhaustive seed manifest OR a proved usable finite superset for the required historical scope; original identities only if using identity-based recovery.,"PARTIAL_LOCAL_EVIDENCE_AVAILABLE; exhaustiveness not established; additional retained/backup evidence UNKNOWN. | REGISTERED_WORKSPACES_PRESENT; execution records not bound here; other histories UNKNOWN, not presumed nonexistent or lost. | 653 retained run identities and 377 artifact identities AVAILABLE; two selected older logs HTTP_410; alternate archives UNKNOWN; source reconstruction potentially recoverable."
DERIVED-068,nonliteral_seed_reference,UNRESOLVED,UNRESOLVED,BOUND_SOURCE_OBSERVATION; HISTORICAL_FAMILY_UNRESOLVED,,DEP-03 | DEP-04 | DEP-05,"Bound source/default and current inclusion observations retained. Actual historical executions, relevant generator variants and exhaustive inputs remain unestablished; configuration/metadata observations are not automatically consumed seeds.",Custodian/evidence-backed exhaustive seed manifest OR a proved usable finite superset for the required historical scope; original identities only if using identity-based recovery.,"PARTIAL_LOCAL_EVIDENCE_AVAILABLE; exhaustiveness not established; additional retained/backup evidence UNKNOWN. | REGISTERED_WORKSPACES_PRESENT; execution records not bound here; other histories UNKNOWN, not presumed nonexistent or lost. | 653 retained run identities and 377 artifact identities AVAILABLE; two selected older logs HTTP_410; alternate archives UNKNOWN; source reconstruction potentially recoverable."
DERIVED-069,nonliteral_seed_reference,UNRESOLVED,UNRESOLVED,BOUND_SOURCE_OBSERVATION; HISTORICAL_FAMILY_UNRESOLVED,,DEP-03 | DEP-04 | DEP-05,"Bound source/default and current inclusion observations retained. Actual historical executions, relevant generator variants and exhaustive inputs remain unestablished; configuration/metadata observations are not automatically consumed seeds.",Custodian/evidence-backed exhaustive seed manifest OR a proved usable finite superset for the required historical scope; original identities only if using identity-based recovery.,"PARTIAL_LOCAL_EVIDENCE_AVAILABLE; exhaustiveness not established; additional retained/backup evidence UNKNOWN. | REGISTERED_WORKSPACES_PRESENT; execution records not bound here; other histories UNKNOWN, not presumed nonexistent or lost. | 653 retained run identities and 377 artifact identities AVAILABLE; two selected older logs HTTP_410; alternate archives UNKNOWN; source reconstruction potentially recoverable."
DERIVED-070,nonliteral_seed_reference,UNRESOLVED,UNRESOLVED,BOUND_SOURCE_OBSERVATION; HISTORICAL_FAMILY_UNRESOLVED,,DEP-03 | DEP-04 | DEP-05,"Bound source/default and current inclusion observations retained. Actual historical executions, relevant generator variants and exhaustive inputs remain unestablished; configuration/metadata observations are not automatically consumed seeds.",Custodian/evidence-backed exhaustive seed manifest OR a proved usable finite superset for the required historical scope; original identities only if using identity-based recovery.,"PARTIAL_LOCAL_EVIDENCE_AVAILABLE; exhaustiveness not established; additional retained/backup evidence UNKNOWN. | REGISTERED_WORKSPACES_PRESENT; execution records not bound here; other histories UNKNOWN, not presumed nonexistent or lost. | 653 retained run identities and 377 artifact identities AVAILABLE; two selected older logs HTTP_410; alternate archives UNKNOWN; source reconstruction potentially recoverable."
DERIVED-071,nonliteral_seed_reference,UNRESOLVED,UNRESOLVED,BOUND_SOURCE_OBSERVATION; HISTORICAL_FAMILY_UNRESOLVED,,DEP-03 | DEP-04 | DEP-05,"Bound source/default and current inclusion observations retained. Actual historical executions, relevant generator variants and exhaustive inputs remain unestablished; configuration/metadata observations are not automatically consumed seeds.",Custodian/evidence-backed exhaustive seed manifest OR a proved usable finite superset for the required historical scope; original identities only if using identity-based recovery.,"PARTIAL_LOCAL_EVIDENCE_AVAILABLE; exhaustiveness not established; additional retained/backup evidence UNKNOWN. | REGISTERED_WORKSPACES_PRESENT; execution records not bound here; other histories UNKNOWN, not presumed nonexistent or lost. | 653 retained run identities and 377 artifact identities AVAILABLE; two selected older logs HTTP_410; alternate archives UNKNOWN; source reconstruction potentially recoverable."
DERIVED-072,nonliteral_seed_reference,UNRESOLVED,UNRESOLVED,BOUND_SOURCE_OBSERVATION; HISTORICAL_FAMILY_UNRESOLVED,,DEP-03 | DEP-04 | DEP-05,"Bound source/default and current inclusion observations retained. Actual historical executions, relevant generator variants and exhaustive inputs remain unestablished; configuration/metadata observations are not automatically consumed seeds.",Custodian/evidence-backed exhaustive seed manifest OR a proved usable finite superset for the required historical scope; original identities only if using identity-based recovery.,"PARTIAL_LOCAL_EVIDENCE_AVAILABLE; exhaustiveness not established; additional retained/backup evidence UNKNOWN. | REGISTERED_WORKSPACES_PRESENT; execution records not bound here; other histories UNKNOWN, not presumed nonexistent or lost. | 653 retained run identities and 377 artifact identities AVAILABLE; two selected older logs HTTP_410; alternate archives UNKNOWN; source reconstruction potentially recoverable."
DERIVED-073,nonliteral_seed_reference,UNRESOLVED,UNRESOLVED,BOUND_SOURCE_OBSERVATION; HISTORICAL_FAMILY_UNRESOLVED,,DEP-03 | DEP-04 | DEP-05,"Bound source/default and current inclusion observations retained. Actual historical executions, relevant generator variants and exhaustive inputs remain unestablished; configuration/metadata observations are not automatically consumed seeds.",Custodian/evidence-backed exhaustive seed manifest OR a proved usable finite superset for the required historical scope; original identities only if using identity-based recovery.,"PARTIAL_LOCAL_EVIDENCE_AVAILABLE; exhaustiveness not established; additional retained/backup evidence UNKNOWN. | REGISTERED_WORKSPACES_PRESENT; execution records not bound here; other histories UNKNOWN, not presumed nonexistent or lost. | 653 retained run identities and 377 artifact identities AVAILABLE; two selected older logs HTTP_410; alternate archives UNKNOWN; source reconstruction potentially recoverable."
DERIVED-074,nonliteral_seed_reference,UNRESOLVED,UNRESOLVED,BOUND_SOURCE_OBSERVATION; HISTORICAL_FAMILY_UNRESOLVED,,DEP-03 | DEP-04 | DEP-05,"Bound source/default and current inclusion observations retained. Actual historical executions, relevant generator variants and exhaustive inputs remain unestablished; configuration/metadata observations are not automatically consumed seeds.",Custodian/evidence-backed exhaustive seed manifest OR a proved usable finite superset for the required historical scope; original identities only if using identity-based recovery.,"PARTIAL_LOCAL_EVIDENCE_AVAILABLE; exhaustiveness not established; additional retained/backup evidence UNKNOWN. | REGISTERED_WORKSPACES_PRESENT; execution records not bound here; other histories UNKNOWN, not presumed nonexistent or lost. | 653 retained run identities and 377 artifact identities AVAILABLE; two selected older logs HTTP_410; alternate archives UNKNOWN; source reconstruction potentially recoverable."
DERIVED-075,nonliteral_seed_reference,UNRESOLVED,UNRESOLVED,BOUND_SOURCE_OBSERVATION; HISTORICAL_FAMILY_UNRESOLVED,,DEP-03 | DEP-04 | DEP-05,"Bound source/default and current inclusion observations retained. Actual historical executions, relevant generator variants and exhaustive inputs remain unestablished; configuration/metadata observations are not automatically consumed seeds.",Custodian/evidence-backed exhaustive seed manifest OR a proved usable finite superset for the required historical scope; original identities only if using identity-based recovery.,"PARTIAL_LOCAL_EVIDENCE_AVAILABLE; exhaustiveness not established; additional retained/backup evidence UNKNOWN. | REGISTERED_WORKSPACES_PRESENT; execution records not bound here; other histories UNKNOWN, not presumed nonexistent or lost. | 653 retained run identities and 377 artifact identities AVAILABLE; two selected older logs HTTP_410; alternate archives UNKNOWN; source reconstruction potentially recoverable."
DERIVED-076,nonliteral_seed_reference,UNRESOLVED,UNRESOLVED,BOUND_SOURCE_OBSERVATION; HISTORICAL_FAMILY_UNRESOLVED,,DEP-03 | DEP-04 | DEP-05,"Bound source/default and current inclusion observations retained. Actual historical executions, relevant generator variants and exhaustive inputs remain unestablished; configuration/metadata observations are not automatically consumed seeds.",Custodian/evidence-backed exhaustive seed manifest OR a proved usable finite superset for the required historical scope; original identities only if using identity-based recovery.,"PARTIAL_LOCAL_EVIDENCE_AVAILABLE; exhaustiveness not established; additional retained/backup evidence UNKNOWN. | REGISTERED_WORKSPACES_PRESENT; execution records not bound here; other histories UNKNOWN, not presumed nonexistent or lost. | 653 retained run identities and 377 artifact identities AVAILABLE; two selected older logs HTTP_410; alternate archives UNKNOWN; source reconstruction potentially recoverable."
DERIVED-077,nonliteral_seed_reference,UNRESOLVED,UNRESOLVED,BOUND_SOURCE_OBSERVATION; HISTORICAL_FAMILY_UNRESOLVED,,DEP-03 | DEP-04 | DEP-05,"Bound source/default and current inclusion observations retained. Actual historical executions, relevant generator variants and exhaustive inputs remain unestablished; configuration/metadata observations are not automatically consumed seeds.",Custodian/evidence-backed exhaustive seed manifest OR a proved usable finite superset for the required historical scope; original identities only if using identity-based recovery.,"PARTIAL_LOCAL_EVIDENCE_AVAILABLE; exhaustiveness not established; additional retained/backup evidence UNKNOWN. | REGISTERED_WORKSPACES_PRESENT; execution records not bound here; other histories UNKNOWN, not presumed nonexistent or lost. | 653 retained run identities and 377 artifact identities AVAILABLE; two selected older logs HTTP_410; alternate archives UNKNOWN; source reconstruction potentially recoverable."
DERIVED-078,nonliteral_seed_reference,UNRESOLVED,UNRESOLVED,BOUND_SOURCE_OBSERVATION; HISTORICAL_FAMILY_UNRESOLVED,,DEP-03 | DEP-04 | DEP-05,"Bound source/default and current inclusion observations retained. Actual historical executions, relevant generator variants and exhaustive inputs remain unestablished; configuration/metadata observations are not automatically consumed seeds.",Custodian/evidence-backed exhaustive seed manifest OR a proved usable finite superset for the required historical scope; original identities only if using identity-based recovery.,"PARTIAL_LOCAL_EVIDENCE_AVAILABLE; exhaustiveness not established; additional retained/backup evidence UNKNOWN. | REGISTERED_WORKSPACES_PRESENT; execution records not bound here; other histories UNKNOWN, not presumed nonexistent or lost. | 653 retained run identities and 377 artifact identities AVAILABLE; two selected older logs HTTP_410; alternate archives UNKNOWN; source reconstruction potentially recoverable."
DERIVED-079,nonliteral_seed_reference,UNRESOLVED,UNRESOLVED,BOUND_SOURCE_OBSERVATION; HISTORICAL_FAMILY_UNRESOLVED,,DEP-03 | DEP-04 | DEP-05,"Bound source/default and current inclusion observations retained. Actual historical executions, relevant generator variants and exhaustive inputs remain unestablished; configuration/metadata observations are not automatically consumed seeds.",Custodian/evidence-backed exhaustive seed manifest OR a proved usable finite superset for the required historical scope; original identities only if using identity-based recovery.,"PARTIAL_LOCAL_EVIDENCE_AVAILABLE; exhaustiveness not established; additional retained/backup evidence UNKNOWN. | REGISTERED_WORKSPACES_PRESENT; execution records not bound here; other histories UNKNOWN, not presumed nonexistent or lost. | 653 retained run identities and 377 artifact identities AVAILABLE; two selected older logs HTTP_410; alternate archives UNKNOWN; source reconstruction potentially recoverable."
DERIVED-080,nonliteral_seed_reference,UNRESOLVED,UNRESOLVED,BOUND_SOURCE_OBSERVATION; HISTORICAL_FAMILY_UNRESOLVED,,DEP-03 | DEP-04 | DEP-05,"Bound source/default and current inclusion observations retained. Actual historical executions, relevant generator variants and exhaustive inputs remain unestablished; configuration/metadata observations are not automatically consumed seeds.",Custodian/evidence-backed exhaustive seed manifest OR a proved usable finite superset for the required historical scope; original identities only if using identity-based recovery.,"PARTIAL_LOCAL_EVIDENCE_AVAILABLE; exhaustiveness not established; additional retained/backup evidence UNKNOWN. | REGISTERED_WORKSPACES_PRESENT; execution records not bound here; other histories UNKNOWN, not presumed nonexistent or lost. | 653 retained run identities and 377 artifact identities AVAILABLE; two selected older logs HTTP_410; alternate archives UNKNOWN; source reconstruction potentially recoverable."
DERIVED-081,nonliteral_seed_reference,UNRESOLVED,UNRESOLVED,BOUND_SOURCE_OBSERVATION; HISTORICAL_FAMILY_UNRESOLVED,,DEP-03 | DEP-04 | DEP-05,"Bound source/default and current inclusion observations retained. Actual historical executions, relevant generator variants and exhaustive inputs remain unestablished; configuration/metadata observations are not automatically consumed seeds.",Custodian/evidence-backed exhaustive seed manifest OR a proved usable finite superset for the required historical scope; original identities only if using identity-based recovery.,"PARTIAL_LOCAL_EVIDENCE_AVAILABLE; exhaustiveness not established; additional retained/backup evidence UNKNOWN. | REGISTERED_WORKSPACES_PRESENT; execution records not bound here; other histories UNKNOWN, not presumed nonexistent or lost. | 653 retained run identities and 377 artifact identities AVAILABLE; two selected older logs HTTP_410; alternate archives UNKNOWN; source reconstruction potentially recoverable."
DERIVED-082,nonliteral_seed_reference,UNRESOLVED,UNRESOLVED,BOUND_SOURCE_OBSERVATION; HISTORICAL_FAMILY_UNRESOLVED,,DEP-03 | DEP-04 | DEP-05,"Bound source/default and current inclusion observations retained. Actual historical executions, relevant generator variants and exhaustive inputs remain unestablished; configuration/metadata observations are not automatically consumed seeds.",Custodian/evidence-backed exhaustive seed manifest OR a proved usable finite superset for the required historical scope; original identities only if using identity-based recovery.,"PARTIAL_LOCAL_EVIDENCE_AVAILABLE; exhaustiveness not established; additional retained/backup evidence UNKNOWN. | REGISTERED_WORKSPACES_PRESENT; execution records not bound here; other histories UNKNOWN, not presumed nonexistent or lost. | 653 retained run identities and 377 artifact identities AVAILABLE; two selected older logs HTTP_410; alternate archives UNKNOWN; source reconstruction potentially recoverable."
DERIVED-083,nonliteral_seed_reference,UNRESOLVED,UNRESOLVED,BOUND_SOURCE_OBSERVATION; HISTORICAL_FAMILY_UNRESOLVED,,DEP-03 | DEP-04 | DEP-05,"Bound source/default and current inclusion observations retained. Actual historical executions, relevant generator variants and exhaustive inputs remain unestablished; configuration/metadata observations are not automatically consumed seeds.",Custodian/evidence-backed exhaustive seed manifest OR a proved usable finite superset for the required historical scope; original identities only if using identity-based recovery.,"PARTIAL_LOCAL_EVIDENCE_AVAILABLE; exhaustiveness not established; additional retained/backup evidence UNKNOWN. | REGISTERED_WORKSPACES_PRESENT; execution records not bound here; other histories UNKNOWN, not presumed nonexistent or lost. | 653 retained run identities and 377 artifact identities AVAILABLE; two selected older logs HTTP_410; alternate archives UNKNOWN; source reconstruction potentially recoverable."
DERIVED-084,nonliteral_seed_reference,UNRESOLVED,UNRESOLVED,BOUND_SOURCE_OBSERVATION; HISTORICAL_FAMILY_UNRESOLVED,,DEP-03 | DEP-04 | DEP-05,"Bound source/default and current inclusion observations retained. Actual historical executions, relevant generator variants and exhaustive inputs remain unestablished; configuration/metadata observations are not automatically consumed seeds.",Custodian/evidence-backed exhaustive seed manifest OR a proved usable finite superset for the required historical scope; original identities only if using identity-based recovery.,"PARTIAL_LOCAL_EVIDENCE_AVAILABLE; exhaustiveness not established; additional retained/backup evidence UNKNOWN. | REGISTERED_WORKSPACES_PRESENT; execution records not bound here; other histories UNKNOWN, not presumed nonexistent or lost. | 653 retained run identities and 377 artifact identities AVAILABLE; two selected older logs HTTP_410; alternate archives UNKNOWN; source reconstruction potentially recoverable."
DERIVED-085,nonliteral_seed_reference,UNRESOLVED,UNRESOLVED,BOUND_SOURCE_OBSERVATION; HISTORICAL_FAMILY_UNRESOLVED,,DEP-03 | DEP-04 | DEP-05,"Bound source/default and current inclusion observations retained. Actual historical executions, relevant generator variants and exhaustive inputs remain unestablished; configuration/metadata observations are not automatically consumed seeds.",Custodian/evidence-backed exhaustive seed manifest OR a proved usable finite superset for the required historical scope; original identities only if using identity-based recovery.,"PARTIAL_LOCAL_EVIDENCE_AVAILABLE; exhaustiveness not established; additional retained/backup evidence UNKNOWN. | REGISTERED_WORKSPACES_PRESENT; execution records not bound here; other histories UNKNOWN, not presumed nonexistent or lost. | 653 retained run identities and 377 artifact identities AVAILABLE; two selected older logs HTTP_410; alternate archives UNKNOWN; source reconstruction potentially recoverable."
DERIVED-086,nonliteral_seed_reference,UNRESOLVED,UNRESOLVED,BOUND_SOURCE_OBSERVATION; HISTORICAL_FAMILY_UNRESOLVED,,DEP-03 | DEP-04 | DEP-05,"Bound source/default and current inclusion observations retained. Actual historical executions, relevant generator variants and exhaustive inputs remain unestablished; configuration/metadata observations are not automatically consumed seeds.",Custodian/evidence-backed exhaustive seed manifest OR a proved usable finite superset for the required historical scope; original identities only if using identity-based recovery.,"PARTIAL_LOCAL_EVIDENCE_AVAILABLE; exhaustiveness not established; additional retained/backup evidence UNKNOWN. | REGISTERED_WORKSPACES_PRESENT; execution records not bound here; other histories UNKNOWN, not presumed nonexistent or lost. | 653 retained run identities and 377 artifact identities AVAILABLE; two selected older logs HTTP_410; alternate archives UNKNOWN; source reconstruction potentially recoverable."
DERIVED-087,nonliteral_seed_reference,UNRESOLVED,UNRESOLVED,BOUND_SOURCE_OBSERVATION; HISTORICAL_FAMILY_UNRESOLVED,,DEP-03 | DEP-04 | DEP-05,"Bound source/default and current inclusion observations retained. Actual historical executions, relevant generator variants and exhaustive inputs remain unestablished; configuration/metadata observations are not automatically consumed seeds.",Custodian/evidence-backed exhaustive seed manifest OR a proved usable finite superset for the required historical scope; original identities only if using identity-based recovery.,"PARTIAL_LOCAL_EVIDENCE_AVAILABLE; exhaustiveness not established; additional retained/backup evidence UNKNOWN. | REGISTERED_WORKSPACES_PRESENT; execution records not bound here; other histories UNKNOWN, not presumed nonexistent or lost. | 653 retained run identities and 377 artifact identities AVAILABLE; two selected older logs HTTP_410; alternate archives UNKNOWN; source reconstruction potentially recoverable."
DERIVED-088,nonliteral_seed_reference,UNRESOLVED,UNRESOLVED,BOUND_SOURCE_OBSERVATION; HISTORICAL_FAMILY_UNRESOLVED,,DEP-03 | DEP-04 | DEP-05,"Bound source/default and current inclusion observations retained. Actual historical executions, relevant generator variants and exhaustive inputs remain unestablished; configuration/metadata observations are not automatically consumed seeds.",Custodian/evidence-backed exhaustive seed manifest OR a proved usable finite superset for the required historical scope; original identities only if using identity-based recovery.,"PARTIAL_LOCAL_EVIDENCE_AVAILABLE; exhaustiveness not established; additional retained/backup evidence UNKNOWN. | REGISTERED_WORKSPACES_PRESENT; execution records not bound here; other histories UNKNOWN, not presumed nonexistent or lost. | 653 retained run identities and 377 artifact identities AVAILABLE; two selected older logs HTTP_410; alternate archives UNKNOWN; source reconstruction potentially recoverable."
DERIVED-089,nonliteral_seed_reference,UNRESOLVED,UNRESOLVED,BOUND_SOURCE_OBSERVATION; HISTORICAL_FAMILY_UNRESOLVED,,DEP-03 | DEP-04 | DEP-05,"Bound source/default and current inclusion observations retained. Actual historical executions, relevant generator variants and exhaustive inputs remain unestablished; configuration/metadata observations are not automatically consumed seeds.",Custodian/evidence-backed exhaustive seed manifest OR a proved usable finite superset for the required historical scope; original identities only if using identity-based recovery.,"PARTIAL_LOCAL_EVIDENCE_AVAILABLE; exhaustiveness not established; additional retained/backup evidence UNKNOWN. | REGISTERED_WORKSPACES_PRESENT; execution records not bound here; other histories UNKNOWN, not presumed nonexistent or lost. | 653 retained run identities and 377 artifact identities AVAILABLE; two selected older logs HTTP_410; alternate archives UNKNOWN; source reconstruction potentially recoverable."
DERIVED-090,nonliteral_seed_reference,UNRESOLVED,UNRESOLVED,BOUND_SOURCE_OBSERVATION; HISTORICAL_FAMILY_UNRESOLVED,,DEP-03 | DEP-04 | DEP-05,"Bound source/default and current inclusion observations retained. Actual historical executions, relevant generator variants and exhaustive inputs remain unestablished; configuration/metadata observations are not automatically consumed seeds.",Custodian/evidence-backed exhaustive seed manifest OR a proved usable finite superset for the required historical scope; original identities only if using identity-based recovery.,"PARTIAL_LOCAL_EVIDENCE_AVAILABLE; exhaustiveness not established; additional retained/backup evidence UNKNOWN. | REGISTERED_WORKSPACES_PRESENT; execution records not bound here; other histories UNKNOWN, not presumed nonexistent or lost. | 653 retained run identities and 377 artifact identities AVAILABLE; two selected older logs HTTP_410; alternate archives UNKNOWN; source reconstruction potentially recoverable."
DERIVED-091,nonliteral_seed_reference,UNRESOLVED,UNRESOLVED,BOUND_SOURCE_OBSERVATION; HISTORICAL_FAMILY_UNRESOLVED,,DEP-03 | DEP-04 | DEP-05,"Bound source/default and current inclusion observations retained. Actual historical executions, relevant generator variants and exhaustive inputs remain unestablished; configuration/metadata observations are not automatically consumed seeds.",Custodian/evidence-backed exhaustive seed manifest OR a proved usable finite superset for the required historical scope; original identities only if using identity-based recovery.,"PARTIAL_LOCAL_EVIDENCE_AVAILABLE; exhaustiveness not established; additional retained/backup evidence UNKNOWN. | REGISTERED_WORKSPACES_PRESENT; execution records not bound here; other histories UNKNOWN, not presumed nonexistent or lost. | 653 retained run identities and 377 artifact identities AVAILABLE; two selected older logs HTTP_410; alternate archives UNKNOWN; source reconstruction potentially recoverable."
DERIVED-092,nonliteral_seed_reference,UNRESOLVED,UNRESOLVED,BOUND_SOURCE_OBSERVATION; HISTORICAL_FAMILY_UNRESOLVED,,DEP-03 | DEP-04 | DEP-05,"Bound source/default and current inclusion observations retained. Actual historical executions, relevant generator variants and exhaustive inputs remain unestablished; configuration/metadata observations are not automatically consumed seeds.",Custodian/evidence-backed exhaustive seed manifest OR a proved usable finite superset for the required historical scope; original identities only if using identity-based recovery.,"PARTIAL_LOCAL_EVIDENCE_AVAILABLE; exhaustiveness not established; additional retained/backup evidence UNKNOWN. | REGISTERED_WORKSPACES_PRESENT; execution records not bound here; other histories UNKNOWN, not presumed nonexistent or lost. | 653 retained run identities and 377 artifact identities AVAILABLE; two selected older logs HTTP_410; alternate archives UNKNOWN; source reconstruction potentially recoverable."
DERIVED-093,nonliteral_seed_reference,UNRESOLVED,UNRESOLVED,BOUND_SOURCE_OBSERVATION; HISTORICAL_FAMILY_UNRESOLVED,,DEP-03 | DEP-04 | DEP-05,"Bound source/default and current inclusion observations retained. Actual historical executions, relevant generator variants and exhaustive inputs remain unestablished; configuration/metadata observations are not automatically consumed seeds.",Custodian/evidence-backed exhaustive seed manifest OR a proved usable finite superset for the required historical scope; original identities only if using identity-based recovery.,"PARTIAL_LOCAL_EVIDENCE_AVAILABLE; exhaustiveness not established; additional retained/backup evidence UNKNOWN. | REGISTERED_WORKSPACES_PRESENT; execution records not bound here; other histories UNKNOWN, not presumed nonexistent or lost. | 653 retained run identities and 377 artifact identities AVAILABLE; two selected older logs HTTP_410; alternate archives UNKNOWN; source reconstruction potentially recoverable."
DERIVED-094,nonliteral_seed_reference,UNRESOLVED,UNRESOLVED,BOUND_SOURCE_OBSERVATION; HISTORICAL_FAMILY_UNRESOLVED,,DEP-03 | DEP-04 | DEP-05,"Bound source/default and current inclusion observations retained. Actual historical executions, relevant generator variants and exhaustive inputs remain unestablished; configuration/metadata observations are not automatically consumed seeds.",Custodian/evidence-backed exhaustive seed manifest OR a proved usable finite superset for the required historical scope; original identities only if using identity-based recovery.,"PARTIAL_LOCAL_EVIDENCE_AVAILABLE; exhaustiveness not established; additional retained/backup evidence UNKNOWN. | REGISTERED_WORKSPACES_PRESENT; execution records not bound here; other histories UNKNOWN, not presumed nonexistent or lost. | 653 retained run identities and 377 artifact identities AVAILABLE; two selected older logs HTTP_410; alternate archives UNKNOWN; source reconstruction potentially recoverable."
DERIVED-095,nonliteral_seed_reference,UNRESOLVED,UNRESOLVED,BOUND_SOURCE_OBSERVATION; HISTORICAL_FAMILY_UNRESOLVED,,DEP-03 | DEP-04 | DEP-05,"Bound source/default and current inclusion observations retained. Actual historical executions, relevant generator variants and exhaustive inputs remain unestablished; configuration/metadata observations are not automatically consumed seeds.",Custodian/evidence-backed exhaustive seed manifest OR a proved usable finite superset for the required historical scope; original identities only if using identity-based recovery.,"PARTIAL_LOCAL_EVIDENCE_AVAILABLE; exhaustiveness not established; additional retained/backup evidence UNKNOWN. | REGISTERED_WORKSPACES_PRESENT; execution records not bound here; other histories UNKNOWN, not presumed nonexistent or lost. | 653 retained run identities and 377 artifact identities AVAILABLE; two selected older logs HTTP_410; alternate archives UNKNOWN; source reconstruction potentially recoverable."
DERIVED-096,nonliteral_seed_reference,UNRESOLVED,UNRESOLVED,BOUND_SOURCE_OBSERVATION; HISTORICAL_FAMILY_UNRESOLVED,,DEP-03 | DEP-04 | DEP-05,"Bound source/default and current inclusion observations retained. Actual historical executions, relevant generator variants and exhaustive inputs remain unestablished; configuration/metadata observations are not automatically consumed seeds.",Custodian/evidence-backed exhaustive seed manifest OR a proved usable finite superset for the required historical scope; original identities only if using identity-based recovery.,"PARTIAL_LOCAL_EVIDENCE_AVAILABLE; exhaustiveness not established; additional retained/backup evidence UNKNOWN. | REGISTERED_WORKSPACES_PRESENT; execution records not bound here; other histories UNKNOWN, not presumed nonexistent or lost. | 653 retained run identities and 377 artifact identities AVAILABLE; two selected older logs HTTP_410; alternate archives UNKNOWN; source reconstruction potentially recoverable."
DERIVED-097,nonliteral_seed_reference,UNRESOLVED,UNRESOLVED,BOUND_SOURCE_OBSERVATION; HISTORICAL_FAMILY_UNRESOLVED,,DEP-03 | DEP-04 | DEP-05,"Bound source/default and current inclusion observations retained. Actual historical executions, relevant generator variants and exhaustive inputs remain unestablished; configuration/metadata observations are not automatically consumed seeds.",Custodian/evidence-backed exhaustive seed manifest OR a proved usable finite superset for the required historical scope; original identities only if using identity-based recovery.,"PARTIAL_LOCAL_EVIDENCE_AVAILABLE; exhaustiveness not established; additional retained/backup evidence UNKNOWN. | REGISTERED_WORKSPACES_PRESENT; execution records not bound here; other histories UNKNOWN, not presumed nonexistent or lost. | 653 retained run identities and 377 artifact identities AVAILABLE; two selected older logs HTTP_410; alternate archives UNKNOWN; source reconstruction potentially recoverable."
DERIVED-098,nonliteral_seed_reference,UNRESOLVED,UNRESOLVED,BOUND_SOURCE_OBSERVATION; HISTORICAL_FAMILY_UNRESOLVED,,DEP-03 | DEP-04 | DEP-05,"Bound source/default and current inclusion observations retained. Actual historical executions, relevant generator variants and exhaustive inputs remain unestablished; configuration/metadata observations are not automatically consumed seeds.",Custodian/evidence-backed exhaustive seed manifest OR a proved usable finite superset for the required historical scope; original identities only if using identity-based recovery.,"PARTIAL_LOCAL_EVIDENCE_AVAILABLE; exhaustiveness not established; additional retained/backup evidence UNKNOWN. | REGISTERED_WORKSPACES_PRESENT; execution records not bound here; other histories UNKNOWN, not presumed nonexistent or lost. | 653 retained run identities and 377 artifact identities AVAILABLE; two selected older logs HTTP_410; alternate archives UNKNOWN; source reconstruction potentially recoverable."
DERIVED-099,nonliteral_seed_reference,UNRESOLVED,UNRESOLVED,BOUND_SOURCE_OBSERVATION; HISTORICAL_FAMILY_UNRESOLVED,,DEP-03 | DEP-04 | DEP-05,"Bound source/default and current inclusion observations retained. Actual historical executions, relevant generator variants and exhaustive inputs remain unestablished; configuration/metadata observations are not automatically consumed seeds.",Custodian/evidence-backed exhaustive seed manifest OR a proved usable finite superset for the required historical scope; original identities only if using identity-based recovery.,"PARTIAL_LOCAL_EVIDENCE_AVAILABLE; exhaustiveness not established; additional retained/backup evidence UNKNOWN. | REGISTERED_WORKSPACES_PRESENT; execution records not bound here; other histories UNKNOWN, not presumed nonexistent or lost. | 653 retained run identities and 377 artifact identities AVAILABLE; two selected older logs HTTP_410; alternate archives UNKNOWN; source reconstruction potentially recoverable."
DERIVED-100,nonliteral_seed_reference,UNRESOLVED,UNRESOLVED,BOUND_SOURCE_OBSERVATION; HISTORICAL_FAMILY_UNRESOLVED,,DEP-03 | DEP-04 | DEP-05,"Bound source/default and current inclusion observations retained. Actual historical executions, relevant generator variants and exhaustive inputs remain unestablished; configuration/metadata observations are not automatically consumed seeds.",Custodian/evidence-backed exhaustive seed manifest OR a proved usable finite superset for the required historical scope; original identities only if using identity-based recovery.,"PARTIAL_LOCAL_EVIDENCE_AVAILABLE; exhaustiveness not established; additional retained/backup evidence UNKNOWN. | REGISTERED_WORKSPACES_PRESENT; execution records not bound here; other histories UNKNOWN, not presumed nonexistent or lost. | 653 retained run identities and 377 artifact identities AVAILABLE; two selected older logs HTTP_410; alternate archives UNKNOWN; source reconstruction potentially recoverable."
DERIVED-101,nonliteral_seed_reference,UNRESOLVED,UNRESOLVED,BOUND_SOURCE_OBSERVATION; HISTORICAL_FAMILY_UNRESOLVED,,DEP-03 | DEP-04 | DEP-05,"Bound source/default and current inclusion observations retained. Actual historical executions, relevant generator variants and exhaustive inputs remain unestablished; configuration/metadata observations are not automatically consumed seeds.",Custodian/evidence-backed exhaustive seed manifest OR a proved usable finite superset for the required historical scope; original identities only if using identity-based recovery.,"PARTIAL_LOCAL_EVIDENCE_AVAILABLE; exhaustiveness not established; additional retained/backup evidence UNKNOWN. | REGISTERED_WORKSPACES_PRESENT; execution records not bound here; other histories UNKNOWN, not presumed nonexistent or lost. | 653 retained run identities and 377 artifact identities AVAILABLE; two selected older logs HTTP_410; alternate archives UNKNOWN; source reconstruction potentially recoverable."
DERIVED-102,nonliteral_seed_reference,UNRESOLVED,UNRESOLVED,BOUND_SOURCE_OBSERVATION; HISTORICAL_FAMILY_UNRESOLVED,,DEP-03 | DEP-04 | DEP-05,"Bound source/default and current inclusion observations retained. Actual historical executions, relevant generator variants and exhaustive inputs remain unestablished; configuration/metadata observations are not automatically consumed seeds.",Custodian/evidence-backed exhaustive seed manifest OR a proved usable finite superset for the required historical scope; original identities only if using identity-based recovery.,"PARTIAL_LOCAL_EVIDENCE_AVAILABLE; exhaustiveness not established; additional retained/backup evidence UNKNOWN. | REGISTERED_WORKSPACES_PRESENT; execution records not bound here; other histories UNKNOWN, not presumed nonexistent or lost. | 653 retained run identities and 377 artifact identities AVAILABLE; two selected older logs HTTP_410; alternate archives UNKNOWN; source reconstruction potentially recoverable."
DERIVED-103,nonliteral_seed_reference,UNRESOLVED,UNRESOLVED,BOUND_SOURCE_OBSERVATION; HISTORICAL_FAMILY_UNRESOLVED,,DEP-03 | DEP-04 | DEP-05,"Bound source/default and current inclusion observations retained. Actual historical executions, relevant generator variants and exhaustive inputs remain unestablished; configuration/metadata observations are not automatically consumed seeds.",Custodian/evidence-backed exhaustive seed manifest OR a proved usable finite superset for the required historical scope; original identities only if using identity-based recovery.,"PARTIAL_LOCAL_EVIDENCE_AVAILABLE; exhaustiveness not established; additional retained/backup evidence UNKNOWN. | REGISTERED_WORKSPACES_PRESENT; execution records not bound here; other histories UNKNOWN, not presumed nonexistent or lost. | 653 retained run identities and 377 artifact identities AVAILABLE; two selected older logs HTTP_410; alternate archives UNKNOWN; source reconstruction potentially recoverable."
DERIVED-104,nonliteral_seed_reference,UNRESOLVED,UNRESOLVED,BOUND_SOURCE_OBSERVATION; HISTORICAL_FAMILY_UNRESOLVED,,DEP-03 | DEP-04 | DEP-05,"Bound source/default and current inclusion observations retained. Actual historical executions, relevant generator variants and exhaustive inputs remain unestablished; configuration/metadata observations are not automatically consumed seeds.",Custodian/evidence-backed exhaustive seed manifest OR a proved usable finite superset for the required historical scope; original identities only if using identity-based recovery.,"PARTIAL_LOCAL_EVIDENCE_AVAILABLE; exhaustiveness not established; additional retained/backup evidence UNKNOWN. | REGISTERED_WORKSPACES_PRESENT; execution records not bound here; other histories UNKNOWN, not presumed nonexistent or lost. | 653 retained run identities and 377 artifact identities AVAILABLE; two selected older logs HTTP_410; alternate archives UNKNOWN; source reconstruction potentially recoverable."
DERIVED-105,nonliteral_seed_reference,UNRESOLVED,UNRESOLVED,BOUND_SOURCE_OBSERVATION; HISTORICAL_FAMILY_UNRESOLVED,,DEP-03 | DEP-04 | DEP-05,"Bound source/default and current inclusion observations retained. Actual historical executions, relevant generator variants and exhaustive inputs remain unestablished; configuration/metadata observations are not automatically consumed seeds.",Custodian/evidence-backed exhaustive seed manifest OR a proved usable finite superset for the required historical scope; original identities only if using identity-based recovery.,"PARTIAL_LOCAL_EVIDENCE_AVAILABLE; exhaustiveness not established; additional retained/backup evidence UNKNOWN. | REGISTERED_WORKSPACES_PRESENT; execution records not bound here; other histories UNKNOWN, not presumed nonexistent or lost. | 653 retained run identities and 377 artifact identities AVAILABLE; two selected older logs HTTP_410; alternate archives UNKNOWN; source reconstruction potentially recoverable."
DERIVED-106,nonliteral_seed_reference,UNRESOLVED,UNRESOLVED,BOUND_SOURCE_OBSERVATION; HISTORICAL_FAMILY_UNRESOLVED,,DEP-03 | DEP-04 | DEP-05,"Bound source/default and current inclusion observations retained. Actual historical executions, relevant generator variants and exhaustive inputs remain unestablished; configuration/metadata observations are not automatically consumed seeds.",Custodian/evidence-backed exhaustive seed manifest OR a proved usable finite superset for the required historical scope; original identities only if using identity-based recovery.,"PARTIAL_LOCAL_EVIDENCE_AVAILABLE; exhaustiveness not established; additional retained/backup evidence UNKNOWN. | REGISTERED_WORKSPACES_PRESENT; execution records not bound here; other histories UNKNOWN, not presumed nonexistent or lost. | 653 retained run identities and 377 artifact identities AVAILABLE; two selected older logs HTTP_410; alternate archives UNKNOWN; source reconstruction potentially recoverable."
DERIVED-107,nonliteral_seed_reference,UNRESOLVED,UNRESOLVED,BOUND_SOURCE_OBSERVATION; HISTORICAL_FAMILY_UNRESOLVED,,DEP-03 | DEP-04 | DEP-05,"Bound source/default and current inclusion observations retained. Actual historical executions, relevant generator variants and exhaustive inputs remain unestablished; configuration/metadata observations are not automatically consumed seeds.",Custodian/evidence-backed exhaustive seed manifest OR a proved usable finite superset for the required historical scope; original identities only if using identity-based recovery.,"PARTIAL_LOCAL_EVIDENCE_AVAILABLE; exhaustiveness not established; additional retained/backup evidence UNKNOWN. | REGISTERED_WORKSPACES_PRESENT; execution records not bound here; other histories UNKNOWN, not presumed nonexistent or lost. | 653 retained run identities and 377 artifact identities AVAILABLE; two selected older logs HTTP_410; alternate archives UNKNOWN; source reconstruction potentially recoverable."
DERIVED-108,nonliteral_seed_reference,UNRESOLVED,UNRESOLVED,BOUND_SOURCE_OBSERVATION; HISTORICAL_FAMILY_UNRESOLVED,,DEP-03 | DEP-04 | DEP-05,"Bound source/default and current inclusion observations retained. Actual historical executions, relevant generator variants and exhaustive inputs remain unestablished; configuration/metadata observations are not automatically consumed seeds.",Custodian/evidence-backed exhaustive seed manifest OR a proved usable finite superset for the required historical scope; original identities only if using identity-based recovery.,"PARTIAL_LOCAL_EVIDENCE_AVAILABLE; exhaustiveness not established; additional retained/backup evidence UNKNOWN. | REGISTERED_WORKSPACES_PRESENT; execution records not bound here; other histories UNKNOWN, not presumed nonexistent or lost. | 653 retained run identities and 377 artifact identities AVAILABLE; two selected older logs HTTP_410; alternate archives UNKNOWN; source reconstruction potentially recoverable."
DERIVED-109,nonliteral_seed_reference,UNRESOLVED,UNRESOLVED,BOUND_SOURCE_OBSERVATION; HISTORICAL_FAMILY_UNRESOLVED,,DEP-03 | DEP-04 | DEP-05,"Bound source/default and current inclusion observations retained. Actual historical executions, relevant generator variants and exhaustive inputs remain unestablished; configuration/metadata observations are not automatically consumed seeds.",Custodian/evidence-backed exhaustive seed manifest OR a proved usable finite superset for the required historical scope; original identities only if using identity-based recovery.,"PARTIAL_LOCAL_EVIDENCE_AVAILABLE; exhaustiveness not established; additional retained/backup evidence UNKNOWN. | REGISTERED_WORKSPACES_PRESENT; execution records not bound here; other histories UNKNOWN, not presumed nonexistent or lost. | 653 retained run identities and 377 artifact identities AVAILABLE; two selected older logs HTTP_410; alternate archives UNKNOWN; source reconstruction potentially recoverable."
DERIVED-110,nonliteral_seed_reference,UNRESOLVED,UNRESOLVED,BOUND_SOURCE_OBSERVATION; HISTORICAL_FAMILY_UNRESOLVED,,DEP-03 | DEP-04 | DEP-05,"Bound source/default and current inclusion observations retained. Actual historical executions, relevant generator variants and exhaustive inputs remain unestablished; configuration/metadata observations are not automatically consumed seeds.",Custodian/evidence-backed exhaustive seed manifest OR a proved usable finite superset for the required historical scope; original identities only if using identity-based recovery.,"PARTIAL_LOCAL_EVIDENCE_AVAILABLE; exhaustiveness not established; additional retained/backup evidence UNKNOWN. | REGISTERED_WORKSPACES_PRESENT; execution records not bound here; other histories UNKNOWN, not presumed nonexistent or lost. | 653 retained run identities and 377 artifact identities AVAILABLE; two selected older logs HTTP_410; alternate archives UNKNOWN; source reconstruction potentially recoverable."
DERIVED-111,nonliteral_seed_reference,UNRESOLVED,UNRESOLVED,BOUND_SOURCE_OBSERVATION; HISTORICAL_FAMILY_UNRESOLVED,,DEP-03 | DEP-04 | DEP-05,"Bound source/default and current inclusion observations retained. Actual historical executions, relevant generator variants and exhaustive inputs remain unestablished; configuration/metadata observations are not automatically consumed seeds.",Custodian/evidence-backed exhaustive seed manifest OR a proved usable finite superset for the required historical scope; original identities only if using identity-based recovery.,"PARTIAL_LOCAL_EVIDENCE_AVAILABLE; exhaustiveness not established; additional retained/backup evidence UNKNOWN. | REGISTERED_WORKSPACES_PRESENT; execution records not bound here; other histories UNKNOWN, not presumed nonexistent or lost. | 653 retained run identities and 377 artifact identities AVAILABLE; two selected older logs HTTP_410; alternate archives UNKNOWN; source reconstruction potentially recoverable."
DERIVED-112,nonliteral_seed_reference,UNRESOLVED,UNRESOLVED,BOUND_SOURCE_OBSERVATION; HISTORICAL_FAMILY_UNRESOLVED,,DEP-03 | DEP-04 | DEP-05,"Bound source/default and current inclusion observations retained. Actual historical executions, relevant generator variants and exhaustive inputs remain unestablished; configuration/metadata observations are not automatically consumed seeds.",Custodian/evidence-backed exhaustive seed manifest OR a proved usable finite superset for the required historical scope; original identities only if using identity-based recovery.,"PARTIAL_LOCAL_EVIDENCE_AVAILABLE; exhaustiveness not established; additional retained/backup evidence UNKNOWN. | REGISTERED_WORKSPACES_PRESENT; execution records not bound here; other histories UNKNOWN, not presumed nonexistent or lost. | 653 retained run identities and 377 artifact identities AVAILABLE; two selected older logs HTTP_410; alternate archives UNKNOWN; source reconstruction potentially recoverable."
DERIVED-113,nonliteral_seed_reference,UNRESOLVED,UNRESOLVED,BOUND_SOURCE_OBSERVATION; HISTORICAL_FAMILY_UNRESOLVED,,DEP-03 | DEP-04 | DEP-05,"Bound source/default and current inclusion observations retained. Actual historical executions, relevant generator variants and exhaustive inputs remain unestablished; configuration/metadata observations are not automatically consumed seeds.",Custodian/evidence-backed exhaustive seed manifest OR a proved usable finite superset for the required historical scope; original identities only if using identity-based recovery.,"PARTIAL_LOCAL_EVIDENCE_AVAILABLE; exhaustiveness not established; additional retained/backup evidence UNKNOWN. | REGISTERED_WORKSPACES_PRESENT; execution records not bound here; other histories UNKNOWN, not presumed nonexistent or lost. | 653 retained run identities and 377 artifact identities AVAILABLE; two selected older logs HTTP_410; alternate archives UNKNOWN; source reconstruction potentially recoverable."
DERIVED-114,nonliteral_seed_reference,UNRESOLVED,UNRESOLVED,BOUND_SOURCE_OBSERVATION; HISTORICAL_FAMILY_UNRESOLVED,,DEP-03 | DEP-04 | DEP-05,"Bound source/default and current inclusion observations retained. Actual historical executions, relevant generator variants and exhaustive inputs remain unestablished; configuration/metadata observations are not automatically consumed seeds.",Custodian/evidence-backed exhaustive seed manifest OR a proved usable finite superset for the required historical scope; original identities only if using identity-based recovery.,"PARTIAL_LOCAL_EVIDENCE_AVAILABLE; exhaustiveness not established; additional retained/backup evidence UNKNOWN. | REGISTERED_WORKSPACES_PRESENT; execution records not bound here; other histories UNKNOWN, not presumed nonexistent or lost. | 653 retained run identities and 377 artifact identities AVAILABLE; two selected older logs HTTP_410; alternate archives UNKNOWN; source reconstruction potentially recoverable."
DERIVED-115,nonliteral_seed_reference,UNRESOLVED,UNRESOLVED,BOUND_SOURCE_OBSERVATION; HISTORICAL_FAMILY_UNRESOLVED,,DEP-03 | DEP-04 | DEP-05,"Bound source/default and current inclusion observations retained. Actual historical executions, relevant generator variants and exhaustive inputs remain unestablished; configuration/metadata observations are not automatically consumed seeds.",Custodian/evidence-backed exhaustive seed manifest OR a proved usable finite superset for the required historical scope; original identities only if using identity-based recovery.,"PARTIAL_LOCAL_EVIDENCE_AVAILABLE; exhaustiveness not established; additional retained/backup evidence UNKNOWN. | REGISTERED_WORKSPACES_PRESENT; execution records not bound here; other histories UNKNOWN, not presumed nonexistent or lost. | 653 retained run identities and 377 artifact identities AVAILABLE; two selected older logs HTTP_410; alternate archives UNKNOWN; source reconstruction potentially recoverable."
DERIVED-116,nonliteral_seed_reference,UNRESOLVED,UNRESOLVED,BOUND_SOURCE_OBSERVATION; HISTORICAL_FAMILY_UNRESOLVED,,DEP-03 | DEP-04 | DEP-05,"Bound source/default and current inclusion observations retained. Actual historical executions, relevant generator variants and exhaustive inputs remain unestablished; configuration/metadata observations are not automatically consumed seeds.",Custodian/evidence-backed exhaustive seed manifest OR a proved usable finite superset for the required historical scope; original identities only if using identity-based recovery.,"PARTIAL_LOCAL_EVIDENCE_AVAILABLE; exhaustiveness not established; additional retained/backup evidence UNKNOWN. | REGISTERED_WORKSPACES_PRESENT; execution records not bound here; other histories UNKNOWN, not presumed nonexistent or lost. | 653 retained run identities and 377 artifact identities AVAILABLE; two selected older logs HTTP_410; alternate archives UNKNOWN; source reconstruction potentially recoverable."
DERIVED-117,nonliteral_seed_reference,UNRESOLVED,UNRESOLVED,BOUND_SOURCE_OBSERVATION; HISTORICAL_FAMILY_UNRESOLVED,,DEP-03 | DEP-04 | DEP-05,"Bound source/default and current inclusion observations retained. Actual historical executions, relevant generator variants and exhaustive inputs remain unestablished; configuration/metadata observations are not automatically consumed seeds.",Custodian/evidence-backed exhaustive seed manifest OR a proved usable finite superset for the required historical scope; original identities only if using identity-based recovery.,"PARTIAL_LOCAL_EVIDENCE_AVAILABLE; exhaustiveness not established; additional retained/backup evidence UNKNOWN. | REGISTERED_WORKSPACES_PRESENT; execution records not bound here; other histories UNKNOWN, not presumed nonexistent or lost. | 653 retained run identities and 377 artifact identities AVAILABLE; two selected older logs HTTP_410; alternate archives UNKNOWN; source reconstruction potentially recoverable."
DERIVED-118,nonliteral_seed_reference,UNRESOLVED,UNRESOLVED,BOUND_SOURCE_OBSERVATION; HISTORICAL_FAMILY_UNRESOLVED,,DEP-03 | DEP-04 | DEP-05,"Bound source/default and current inclusion observations retained. Actual historical executions, relevant generator variants and exhaustive inputs remain unestablished; configuration/metadata observations are not automatically consumed seeds.",Custodian/evidence-backed exhaustive seed manifest OR a proved usable finite superset for the required historical scope; original identities only if using identity-based recovery.,"PARTIAL_LOCAL_EVIDENCE_AVAILABLE; exhaustiveness not established; additional retained/backup evidence UNKNOWN. | REGISTERED_WORKSPACES_PRESENT; execution records not bound here; other histories UNKNOWN, not presumed nonexistent or lost. | 653 retained run identities and 377 artifact identities AVAILABLE; two selected older logs HTTP_410; alternate archives UNKNOWN; source reconstruction potentially recoverable."
DERIVED-119,nonliteral_seed_reference,UNRESOLVED,UNRESOLVED,BOUND_SOURCE_OBSERVATION; HISTORICAL_FAMILY_UNRESOLVED,,DEP-03 | DEP-04 | DEP-05,"Bound source/default and current inclusion observations retained. Actual historical executions, relevant generator variants and exhaustive inputs remain unestablished; configuration/metadata observations are not automatically consumed seeds.",Custodian/evidence-backed exhaustive seed manifest OR a proved usable finite superset for the required historical scope; original identities only if using identity-based recovery.,"PARTIAL_LOCAL_EVIDENCE_AVAILABLE; exhaustiveness not established; additional retained/backup evidence UNKNOWN. | REGISTERED_WORKSPACES_PRESENT; execution records not bound here; other histories UNKNOWN, not presumed nonexistent or lost. | 653 retained run identities and 377 artifact identities AVAILABLE; two selected older logs HTTP_410; alternate archives UNKNOWN; source reconstruction potentially recoverable."
DERIVED-120,nonliteral_seed_reference,UNRESOLVED,UNRESOLVED,BOUND_SOURCE_OBSERVATION; HISTORICAL_FAMILY_UNRESOLVED,,DEP-03 | DEP-04 | DEP-05,"Bound source/default and current inclusion observations retained. Actual historical executions, relevant generator variants and exhaustive inputs remain unestablished; configuration/metadata observations are not automatically consumed seeds.",Custodian/evidence-backed exhaustive seed manifest OR a proved usable finite superset for the required historical scope; original identities only if using identity-based recovery.,"PARTIAL_LOCAL_EVIDENCE_AVAILABLE; exhaustiveness not established; additional retained/backup evidence UNKNOWN. | REGISTERED_WORKSPACES_PRESENT; execution records not bound here; other histories UNKNOWN, not presumed nonexistent or lost. | 653 retained run identities and 377 artifact identities AVAILABLE; two selected older logs HTTP_410; alternate archives UNKNOWN; source reconstruction potentially recoverable."
DERIVED-121,nonliteral_seed_reference,UNRESOLVED,UNRESOLVED,BOUND_SOURCE_OBSERVATION; HISTORICAL_FAMILY_UNRESOLVED,,DEP-03 | DEP-04 | DEP-05,"Bound source/default and current inclusion observations retained. Actual historical executions, relevant generator variants and exhaustive inputs remain unestablished; configuration/metadata observations are not automatically consumed seeds.",Custodian/evidence-backed exhaustive seed manifest OR a proved usable finite superset for the required historical scope; original identities only if using identity-based recovery.,"PARTIAL_LOCAL_EVIDENCE_AVAILABLE; exhaustiveness not established; additional retained/backup evidence UNKNOWN. | REGISTERED_WORKSPACES_PRESENT; execution records not bound here; other histories UNKNOWN, not presumed nonexistent or lost. | 653 retained run identities and 377 artifact identities AVAILABLE; two selected older logs HTTP_410; alternate archives UNKNOWN; source reconstruction potentially recoverable."
DERIVED-122,nonliteral_seed_reference,UNRESOLVED,UNRESOLVED,BOUND_SOURCE_OBSERVATION; HISTORICAL_FAMILY_UNRESOLVED,,DEP-03 | DEP-04 | DEP-05,"Bound source/default and current inclusion observations retained. Actual historical executions, relevant generator variants and exhaustive inputs remain unestablished; configuration/metadata observations are not automatically consumed seeds.",Custodian/evidence-backed exhaustive seed manifest OR a proved usable finite superset for the required historical scope; original identities only if using identity-based recovery.,"PARTIAL_LOCAL_EVIDENCE_AVAILABLE; exhaustiveness not established; additional retained/backup evidence UNKNOWN. | REGISTERED_WORKSPACES_PRESENT; execution records not bound here; other histories UNKNOWN, not presumed nonexistent or lost. | 653 retained run identities and 377 artifact identities AVAILABLE; two selected older logs HTTP_410; alternate archives UNKNOWN; source reconstruction potentially recoverable."
DERIVED-123,nonliteral_seed_reference,UNRESOLVED,UNRESOLVED,BOUND_SOURCE_OBSERVATION; HISTORICAL_FAMILY_UNRESOLVED,,DEP-03 | DEP-04 | DEP-05,"Bound source/default and current inclusion observations retained. Actual historical executions, relevant generator variants and exhaustive inputs remain unestablished; configuration/metadata observations are not automatically consumed seeds.",Custodian/evidence-backed exhaustive seed manifest OR a proved usable finite superset for the required historical scope; original identities only if using identity-based recovery.,"PARTIAL_LOCAL_EVIDENCE_AVAILABLE; exhaustiveness not established; additional retained/backup evidence UNKNOWN. | REGISTERED_WORKSPACES_PRESENT; execution records not bound here; other histories UNKNOWN, not presumed nonexistent or lost. | 653 retained run identities and 377 artifact identities AVAILABLE; two selected older logs HTTP_410; alternate archives UNKNOWN; source reconstruction potentially recoverable."
DERIVED-124,nonliteral_seed_reference,UNRESOLVED,UNRESOLVED,BOUND_SOURCE_OBSERVATION; HISTORICAL_FAMILY_UNRESOLVED,,DEP-03 | DEP-04 | DEP-05,"Bound source/default and current inclusion observations retained. Actual historical executions, relevant generator variants and exhaustive inputs remain unestablished; configuration/metadata observations are not automatically consumed seeds.",Custodian/evidence-backed exhaustive seed manifest OR a proved usable finite superset for the required historical scope; original identities only if using identity-based recovery.,"PARTIAL_LOCAL_EVIDENCE_AVAILABLE; exhaustiveness not established; additional retained/backup evidence UNKNOWN. | REGISTERED_WORKSPACES_PRESENT; execution records not bound here; other histories UNKNOWN, not presumed nonexistent or lost. | 653 retained run identities and 377 artifact identities AVAILABLE; two selected older logs HTTP_410; alternate archives UNKNOWN; source reconstruction potentially recoverable."
DERIVED-125,nonliteral_seed_reference,UNRESOLVED,UNRESOLVED,BOUND_SOURCE_OBSERVATION; HISTORICAL_FAMILY_UNRESOLVED,,DEP-03 | DEP-04 | DEP-05,"Bound source/default and current inclusion observations retained. Actual historical executions, relevant generator variants and exhaustive inputs remain unestablished; configuration/metadata observations are not automatically consumed seeds.",Custodian/evidence-backed exhaustive seed manifest OR a proved usable finite superset for the required historical scope; original identities only if using identity-based recovery.,"PARTIAL_LOCAL_EVIDENCE_AVAILABLE; exhaustiveness not established; additional retained/backup evidence UNKNOWN. | REGISTERED_WORKSPACES_PRESENT; execution records not bound here; other histories UNKNOWN, not presumed nonexistent or lost. | 653 retained run identities and 377 artifact identities AVAILABLE; two selected older logs HTTP_410; alternate archives UNKNOWN; source reconstruction potentially recoverable."
DERIVED-126,nonliteral_seed_reference,UNRESOLVED,UNRESOLVED,BOUND_SOURCE_OBSERVATION; HISTORICAL_FAMILY_UNRESOLVED,,DEP-03 | DEP-04 | DEP-05,"Bound source/default and current inclusion observations retained. Actual historical executions, relevant generator variants and exhaustive inputs remain unestablished; configuration/metadata observations are not automatically consumed seeds.",Custodian/evidence-backed exhaustive seed manifest OR a proved usable finite superset for the required historical scope; original identities only if using identity-based recovery.,"PARTIAL_LOCAL_EVIDENCE_AVAILABLE; exhaustiveness not established; additional retained/backup evidence UNKNOWN. | REGISTERED_WORKSPACES_PRESENT; execution records not bound here; other histories UNKNOWN, not presumed nonexistent or lost. | 653 retained run identities and 377 artifact identities AVAILABLE; two selected older logs HTTP_410; alternate archives UNKNOWN; source reconstruction potentially recoverable."
DERIVED-127,nonliteral_seed_reference,UNRESOLVED,UNRESOLVED,BOUND_SOURCE_OBSERVATION; HISTORICAL_FAMILY_UNRESOLVED,,DEP-03 | DEP-04 | DEP-05,"Bound source/default and current inclusion observations retained. Actual historical executions, relevant generator variants and exhaustive inputs remain unestablished; configuration/metadata observations are not automatically consumed seeds.",Custodian/evidence-backed exhaustive seed manifest OR a proved usable finite superset for the required historical scope; original identities only if using identity-based recovery.,"PARTIAL_LOCAL_EVIDENCE_AVAILABLE; exhaustiveness not established; additional retained/backup evidence UNKNOWN. | REGISTERED_WORKSPACES_PRESENT; execution records not bound here; other histories UNKNOWN, not presumed nonexistent or lost. | 653 retained run identities and 377 artifact identities AVAILABLE; two selected older logs HTTP_410; alternate archives UNKNOWN; source reconstruction potentially recoverable."
DERIVED-128,nonliteral_seed_reference,UNRESOLVED,UNRESOLVED,BOUND_SOURCE_OBSERVATION; HISTORICAL_FAMILY_UNRESOLVED,,DEP-03 | DEP-04 | DEP-05,"Bound source/default and current inclusion observations retained. Actual historical executions, relevant generator variants and exhaustive inputs remain unestablished; configuration/metadata observations are not automatically consumed seeds.",Custodian/evidence-backed exhaustive seed manifest OR a proved usable finite superset for the required historical scope; original identities only if using identity-based recovery.,"PARTIAL_LOCAL_EVIDENCE_AVAILABLE; exhaustiveness not established; additional retained/backup evidence UNKNOWN. | REGISTERED_WORKSPACES_PRESENT; execution records not bound here; other histories UNKNOWN, not presumed nonexistent or lost. | 653 retained run identities and 377 artifact identities AVAILABLE; two selected older logs HTTP_410; alternate archives UNKNOWN; source reconstruction potentially recoverable."
DERIVED-129,nonliteral_seed_reference,UNRESOLVED,UNRESOLVED,BOUND_SOURCE_OBSERVATION; HISTORICAL_FAMILY_UNRESOLVED,,DEP-03 | DEP-04 | DEP-05,"Bound source/default and current inclusion observations retained. Actual historical executions, relevant generator variants and exhaustive inputs remain unestablished; configuration/metadata observations are not automatically consumed seeds.",Custodian/evidence-backed exhaustive seed manifest OR a proved usable finite superset for the required historical scope; original identities only if using identity-based recovery.,"PARTIAL_LOCAL_EVIDENCE_AVAILABLE; exhaustiveness not established; additional retained/backup evidence UNKNOWN. | REGISTERED_WORKSPACES_PRESENT; execution records not bound here; other histories UNKNOWN, not presumed nonexistent or lost. | 653 retained run identities and 377 artifact identities AVAILABLE; two selected older logs HTTP_410; alternate archives UNKNOWN; source reconstruction potentially recoverable."
DERIVED-130,nonliteral_seed_reference,UNRESOLVED,UNRESOLVED,NOT_A_MATCH_SEED_AT_BOUND_SITE,,DEP-03 | DEP-04 | DEP-05,No match-seed obligation at reviewed analysis-RNG site; no missing seed value asserted. Broader historical variants/execution scope is unestablished.,Custodian/evidence-backed exhaustive seed manifest OR a proved usable finite superset for the required historical scope; original identities only if using identity-based recovery.,"PARTIAL_LOCAL_EVIDENCE_AVAILABLE; exhaustiveness not established; additional retained/backup evidence UNKNOWN. | REGISTERED_WORKSPACES_PRESENT; execution records not bound here; other histories UNKNOWN, not presumed nonexistent or lost. | 653 retained run identities and 377 artifact identities AVAILABLE; two selected older logs HTTP_410; alternate archives UNKNOWN; source reconstruction potentially recoverable."
DERIVED-131,nonliteral_seed_reference,UNRESOLVED,UNRESOLVED,NOT_A_MATCH_SEED_AT_BOUND_SITE,,DEP-03 | DEP-04 | DEP-05,No match-seed obligation at reviewed analysis-RNG site; no missing seed value asserted. Broader historical variants/execution scope is unestablished.,Custodian/evidence-backed exhaustive seed manifest OR a proved usable finite superset for the required historical scope; original identities only if using identity-based recovery.,"PARTIAL_LOCAL_EVIDENCE_AVAILABLE; exhaustiveness not established; additional retained/backup evidence UNKNOWN. | REGISTERED_WORKSPACES_PRESENT; execution records not bound here; other histories UNKNOWN, not presumed nonexistent or lost. | 653 retained run identities and 377 artifact identities AVAILABLE; two selected older logs HTTP_410; alternate archives UNKNOWN; source reconstruction potentially recoverable."
DERIVED-132,nonliteral_seed_reference,UNRESOLVED,UNRESOLVED,BOUND_SOURCE_OBSERVATION; HISTORICAL_FAMILY_UNRESOLVED,,DEP-03 | DEP-04 | DEP-05,"Bound source/default and current inclusion observations retained. Actual historical executions, relevant generator variants and exhaustive inputs remain unestablished; configuration/metadata observations are not automatically consumed seeds.",Custodian/evidence-backed exhaustive seed manifest OR a proved usable finite superset for the required historical scope; original identities only if using identity-based recovery.,"PARTIAL_LOCAL_EVIDENCE_AVAILABLE; exhaustiveness not established; additional retained/backup evidence UNKNOWN. | REGISTERED_WORKSPACES_PRESENT; execution records not bound here; other histories UNKNOWN, not presumed nonexistent or lost. | 653 retained run identities and 377 artifact identities AVAILABLE; two selected older logs HTTP_410; alternate archives UNKNOWN; source reconstruction potentially recoverable."
DERIVED-133,nonliteral_seed_reference,UNRESOLVED,UNRESOLVED,BOUND_SOURCE_OBSERVATION; HISTORICAL_FAMILY_UNRESOLVED,,DEP-03 | DEP-04 | DEP-05,"Bound source/default and current inclusion observations retained. Actual historical executions, relevant generator variants and exhaustive inputs remain unestablished; configuration/metadata observations are not automatically consumed seeds.",Custodian/evidence-backed exhaustive seed manifest OR a proved usable finite superset for the required historical scope; original identities only if using identity-based recovery.,"PARTIAL_LOCAL_EVIDENCE_AVAILABLE; exhaustiveness not established; additional retained/backup evidence UNKNOWN. | REGISTERED_WORKSPACES_PRESENT; execution records not bound here; other histories UNKNOWN, not presumed nonexistent or lost. | 653 retained run identities and 377 artifact identities AVAILABLE; two selected older logs HTTP_410; alternate archives UNKNOWN; source reconstruction potentially recoverable."
DERIVED-134,nonliteral_seed_reference,UNRESOLVED,UNRESOLVED,BOUND_SOURCE_OBSERVATION; HISTORICAL_FAMILY_UNRESOLVED,,DEP-03 | DEP-04 | DEP-05,"Bound source/default and current inclusion observations retained. Actual historical executions, relevant generator variants and exhaustive inputs remain unestablished; configuration/metadata observations are not automatically consumed seeds.",Custodian/evidence-backed exhaustive seed manifest OR a proved usable finite superset for the required historical scope; original identities only if using identity-based recovery.,"PARTIAL_LOCAL_EVIDENCE_AVAILABLE; exhaustiveness not established; additional retained/backup evidence UNKNOWN. | REGISTERED_WORKSPACES_PRESENT; execution records not bound here; other histories UNKNOWN, not presumed nonexistent or lost. | 653 retained run identities and 377 artifact identities AVAILABLE; two selected older logs HTTP_410; alternate archives UNKNOWN; source reconstruction potentially recoverable."
DERIVED-135,nonliteral_seed_reference,UNRESOLVED,UNRESOLVED,BOUND_SOURCE_OBSERVATION; HISTORICAL_FAMILY_UNRESOLVED,,DEP-03 | DEP-04 | DEP-05,"Bound source/default and current inclusion observations retained. Actual historical executions, relevant generator variants and exhaustive inputs remain unestablished; configuration/metadata observations are not automatically consumed seeds.",Custodian/evidence-backed exhaustive seed manifest OR a proved usable finite superset for the required historical scope; original identities only if using identity-based recovery.,"PARTIAL_LOCAL_EVIDENCE_AVAILABLE; exhaustiveness not established; additional retained/backup evidence UNKNOWN. | REGISTERED_WORKSPACES_PRESENT; execution records not bound here; other histories UNKNOWN, not presumed nonexistent or lost. | 653 retained run identities and 377 artifact identities AVAILABLE; two selected older logs HTTP_410; alternate archives UNKNOWN; source reconstruction potentially recoverable."
DERIVED-136,nonliteral_seed_reference,UNRESOLVED,UNRESOLVED,BOUND_SOURCE_OBSERVATION; HISTORICAL_FAMILY_UNRESOLVED,,DEP-03 | DEP-04 | DEP-05,"Bound source/default and current inclusion observations retained. Actual historical executions, relevant generator variants and exhaustive inputs remain unestablished; configuration/metadata observations are not automatically consumed seeds.",Custodian/evidence-backed exhaustive seed manifest OR a proved usable finite superset for the required historical scope; original identities only if using identity-based recovery.,"PARTIAL_LOCAL_EVIDENCE_AVAILABLE; exhaustiveness not established; additional retained/backup evidence UNKNOWN. | REGISTERED_WORKSPACES_PRESENT; execution records not bound here; other histories UNKNOWN, not presumed nonexistent or lost. | 653 retained run identities and 377 artifact identities AVAILABLE; two selected older logs HTTP_410; alternate archives UNKNOWN; source reconstruction potentially recoverable."
DERIVED-137,nonliteral_seed_reference,UNRESOLVED,UNRESOLVED,BOUND_SOURCE_OBSERVATION; HISTORICAL_FAMILY_UNRESOLVED,,DEP-03 | DEP-04 | DEP-05,"Bound source/default and current inclusion observations retained. Actual historical executions, relevant generator variants and exhaustive inputs remain unestablished; configuration/metadata observations are not automatically consumed seeds.",Custodian/evidence-backed exhaustive seed manifest OR a proved usable finite superset for the required historical scope; original identities only if using identity-based recovery.,"PARTIAL_LOCAL_EVIDENCE_AVAILABLE; exhaustiveness not established; additional retained/backup evidence UNKNOWN. | REGISTERED_WORKSPACES_PRESENT; execution records not bound here; other histories UNKNOWN, not presumed nonexistent or lost. | 653 retained run identities and 377 artifact identities AVAILABLE; two selected older logs HTTP_410; alternate archives UNKNOWN; source reconstruction potentially recoverable."
DERIVED-138,nonliteral_seed_reference,UNRESOLVED,UNRESOLVED,BOUND_SOURCE_OBSERVATION; HISTORICAL_FAMILY_UNRESOLVED,,DEP-03 | DEP-04 | DEP-05,"Bound source/default and current inclusion observations retained. Actual historical executions, relevant generator variants and exhaustive inputs remain unestablished; configuration/metadata observations are not automatically consumed seeds.",Custodian/evidence-backed exhaustive seed manifest OR a proved usable finite superset for the required historical scope; original identities only if using identity-based recovery.,"PARTIAL_LOCAL_EVIDENCE_AVAILABLE; exhaustiveness not established; additional retained/backup evidence UNKNOWN. | REGISTERED_WORKSPACES_PRESENT; execution records not bound here; other histories UNKNOWN, not presumed nonexistent or lost. | 653 retained run identities and 377 artifact identities AVAILABLE; two selected older logs HTTP_410; alternate archives UNKNOWN; source reconstruction potentially recoverable."
DERIVED-139,nonliteral_seed_reference,UNRESOLVED,UNRESOLVED,BOUND_SOURCE_OBSERVATION; HISTORICAL_FAMILY_UNRESOLVED,,DEP-03 | DEP-04 | DEP-05,"Bound source/default and current inclusion observations retained. Actual historical executions, relevant generator variants and exhaustive inputs remain unestablished; configuration/metadata observations are not automatically consumed seeds.",Custodian/evidence-backed exhaustive seed manifest OR a proved usable finite superset for the required historical scope; original identities only if using identity-based recovery.,"PARTIAL_LOCAL_EVIDENCE_AVAILABLE; exhaustiveness not established; additional retained/backup evidence UNKNOWN. | REGISTERED_WORKSPACES_PRESENT; execution records not bound here; other histories UNKNOWN, not presumed nonexistent or lost. | 653 retained run identities and 377 artifact identities AVAILABLE; two selected older logs HTTP_410; alternate archives UNKNOWN; source reconstruction potentially recoverable."
DERIVED-140,nonliteral_seed_reference,UNRESOLVED,UNRESOLVED,BOUND_SOURCE_OBSERVATION; HISTORICAL_FAMILY_UNRESOLVED,,DEP-03 | DEP-04 | DEP-05,"Bound source/default and current inclusion observations retained. Actual historical executions, relevant generator variants and exhaustive inputs remain unestablished; configuration/metadata observations are not automatically consumed seeds.",Custodian/evidence-backed exhaustive seed manifest OR a proved usable finite superset for the required historical scope; original identities only if using identity-based recovery.,"PARTIAL_LOCAL_EVIDENCE_AVAILABLE; exhaustiveness not established; additional retained/backup evidence UNKNOWN. | REGISTERED_WORKSPACES_PRESENT; execution records not bound here; other histories UNKNOWN, not presumed nonexistent or lost. | 653 retained run identities and 377 artifact identities AVAILABLE; two selected older logs HTTP_410; alternate archives UNKNOWN; source reconstruction potentially recoverable."
DERIVED-141,nonliteral_seed_reference,UNRESOLVED,UNRESOLVED,BOUND_SOURCE_OBSERVATION; HISTORICAL_FAMILY_UNRESOLVED,,DEP-03 | DEP-04 | DEP-05,"Bound source/default and current inclusion observations retained. Actual historical executions, relevant generator variants and exhaustive inputs remain unestablished; configuration/metadata observations are not automatically consumed seeds.",Custodian/evidence-backed exhaustive seed manifest OR a proved usable finite superset for the required historical scope; original identities only if using identity-based recovery.,"PARTIAL_LOCAL_EVIDENCE_AVAILABLE; exhaustiveness not established; additional retained/backup evidence UNKNOWN. | REGISTERED_WORKSPACES_PRESENT; execution records not bound here; other histories UNKNOWN, not presumed nonexistent or lost. | 653 retained run identities and 377 artifact identities AVAILABLE; two selected older logs HTTP_410; alternate archives UNKNOWN; source reconstruction potentially recoverable."
DERIVED-142,nonliteral_seed_reference,UNRESOLVED,UNRESOLVED,BOUND_SOURCE_OBSERVATION; HISTORICAL_FAMILY_UNRESOLVED,,DEP-03 | DEP-04 | DEP-05,"Bound source/default and current inclusion observations retained. Actual historical executions, relevant generator variants and exhaustive inputs remain unestablished; configuration/metadata observations are not automatically consumed seeds.",Custodian/evidence-backed exhaustive seed manifest OR a proved usable finite superset for the required historical scope; original identities only if using identity-based recovery.,"PARTIAL_LOCAL_EVIDENCE_AVAILABLE; exhaustiveness not established; additional retained/backup evidence UNKNOWN. | REGISTERED_WORKSPACES_PRESENT; execution records not bound here; other histories UNKNOWN, not presumed nonexistent or lost. | 653 retained run identities and 377 artifact identities AVAILABLE; two selected older logs HTTP_410; alternate archives UNKNOWN; source reconstruction potentially recoverable."
DERIVED-143,nonliteral_seed_reference,UNRESOLVED,UNRESOLVED,BOUND_SOURCE_OBSERVATION; HISTORICAL_FAMILY_UNRESOLVED,,DEP-03 | DEP-04 | DEP-05,"Bound source/default and current inclusion observations retained. Actual historical executions, relevant generator variants and exhaustive inputs remain unestablished; configuration/metadata observations are not automatically consumed seeds.",Custodian/evidence-backed exhaustive seed manifest OR a proved usable finite superset for the required historical scope; original identities only if using identity-based recovery.,"PARTIAL_LOCAL_EVIDENCE_AVAILABLE; exhaustiveness not established; additional retained/backup evidence UNKNOWN. | REGISTERED_WORKSPACES_PRESENT; execution records not bound here; other histories UNKNOWN, not presumed nonexistent or lost. | 653 retained run identities and 377 artifact identities AVAILABLE; two selected older logs HTTP_410; alternate archives UNKNOWN; source reconstruction potentially recoverable."
DERIVED-144,nonliteral_seed_reference,UNRESOLVED,UNRESOLVED,BOUND_SOURCE_OBSERVATION; HISTORICAL_FAMILY_UNRESOLVED,,DEP-03 | DEP-04 | DEP-05,"Bound source/default and current inclusion observations retained. Actual historical executions, relevant generator variants and exhaustive inputs remain unestablished; configuration/metadata observations are not automatically consumed seeds.",Custodian/evidence-backed exhaustive seed manifest OR a proved usable finite superset for the required historical scope; original identities only if using identity-based recovery.,"PARTIAL_LOCAL_EVIDENCE_AVAILABLE; exhaustiveness not established; additional retained/backup evidence UNKNOWN. | REGISTERED_WORKSPACES_PRESENT; execution records not bound here; other histories UNKNOWN, not presumed nonexistent or lost. | 653 retained run identities and 377 artifact identities AVAILABLE; two selected older logs HTTP_410; alternate archives UNKNOWN; source reconstruction potentially recoverable."
DERIVED-145,nonliteral_seed_reference,UNRESOLVED,UNRESOLVED,BOUND_SOURCE_OBSERVATION; HISTORICAL_FAMILY_UNRESOLVED,,DEP-03 | DEP-04 | DEP-05,"Bound source/default and current inclusion observations retained. Actual historical executions, relevant generator variants and exhaustive inputs remain unestablished; configuration/metadata observations are not automatically consumed seeds.",Custodian/evidence-backed exhaustive seed manifest OR a proved usable finite superset for the required historical scope; original identities only if using identity-based recovery.,"PARTIAL_LOCAL_EVIDENCE_AVAILABLE; exhaustiveness not established; additional retained/backup evidence UNKNOWN. | REGISTERED_WORKSPACES_PRESENT; execution records not bound here; other histories UNKNOWN, not presumed nonexistent or lost. | 653 retained run identities and 377 artifact identities AVAILABLE; two selected older logs HTTP_410; alternate archives UNKNOWN; source reconstruction potentially recoverable."
DERIVED-146,nonliteral_seed_reference,UNRESOLVED,UNRESOLVED,BOUND_SOURCE_OBSERVATION; HISTORICAL_FAMILY_UNRESOLVED,,DEP-03 | DEP-04 | DEP-05,"Bound source/default and current inclusion observations retained. Actual historical executions, relevant generator variants and exhaustive inputs remain unestablished; configuration/metadata observations are not automatically consumed seeds.",Custodian/evidence-backed exhaustive seed manifest OR a proved usable finite superset for the required historical scope; original identities only if using identity-based recovery.,"PARTIAL_LOCAL_EVIDENCE_AVAILABLE; exhaustiveness not established; additional retained/backup evidence UNKNOWN. | REGISTERED_WORKSPACES_PRESENT; execution records not bound here; other histories UNKNOWN, not presumed nonexistent or lost. | 653 retained run identities and 377 artifact identities AVAILABLE; two selected older logs HTTP_410; alternate archives UNKNOWN; source reconstruction potentially recoverable."
DERIVED-147,nonliteral_seed_reference,UNRESOLVED,UNRESOLVED,BOUND_SOURCE_OBSERVATION; HISTORICAL_FAMILY_UNRESOLVED,,DEP-03 | DEP-04 | DEP-05,"Bound source/default and current inclusion observations retained. Actual historical executions, relevant generator variants and exhaustive inputs remain unestablished; configuration/metadata observations are not automatically consumed seeds.",Custodian/evidence-backed exhaustive seed manifest OR a proved usable finite superset for the required historical scope; original identities only if using identity-based recovery.,"PARTIAL_LOCAL_EVIDENCE_AVAILABLE; exhaustiveness not established; additional retained/backup evidence UNKNOWN. | REGISTERED_WORKSPACES_PRESENT; execution records not bound here; other histories UNKNOWN, not presumed nonexistent or lost. | 653 retained run identities and 377 artifact identities AVAILABLE; two selected older logs HTTP_410; alternate archives UNKNOWN; source reconstruction potentially recoverable."
DERIVED-148,nonliteral_seed_reference,UNRESOLVED,UNRESOLVED,BOUND_SOURCE_OBSERVATION; HISTORICAL_FAMILY_UNRESOLVED,,DEP-03 | DEP-04 | DEP-05,"Bound source/default and current inclusion observations retained. Actual historical executions, relevant generator variants and exhaustive inputs remain unestablished; configuration/metadata observations are not automatically consumed seeds.",Custodian/evidence-backed exhaustive seed manifest OR a proved usable finite superset for the required historical scope; original identities only if using identity-based recovery.,"PARTIAL_LOCAL_EVIDENCE_AVAILABLE; exhaustiveness not established; additional retained/backup evidence UNKNOWN. | REGISTERED_WORKSPACES_PRESENT; execution records not bound here; other histories UNKNOWN, not presumed nonexistent or lost. | 653 retained run identities and 377 artifact identities AVAILABLE; two selected older logs HTTP_410; alternate archives UNKNOWN; source reconstruction potentially recoverable."
DERIVED-149,nonliteral_seed_reference,UNRESOLVED,UNRESOLVED,BOUND_SOURCE_OBSERVATION; HISTORICAL_FAMILY_UNRESOLVED,,DEP-03 | DEP-04 | DEP-05,"Bound source/default and current inclusion observations retained. Actual historical executions, relevant generator variants and exhaustive inputs remain unestablished; configuration/metadata observations are not automatically consumed seeds.",Custodian/evidence-backed exhaustive seed manifest OR a proved usable finite superset for the required historical scope; original identities only if using identity-based recovery.,"PARTIAL_LOCAL_EVIDENCE_AVAILABLE; exhaustiveness not established; additional retained/backup evidence UNKNOWN. | REGISTERED_WORKSPACES_PRESENT; execution records not bound here; other histories UNKNOWN, not presumed nonexistent or lost. | 653 retained run identities and 377 artifact identities AVAILABLE; two selected older logs HTTP_410; alternate archives UNKNOWN; source reconstruction potentially recoverable."
DERIVED-150,nonliteral_seed_reference,UNRESOLVED,UNRESOLVED,BOUND_SOURCE_OBSERVATION; HISTORICAL_FAMILY_UNRESOLVED,,DEP-03 | DEP-04 | DEP-05,"Bound source/default and current inclusion observations retained. Actual historical executions, relevant generator variants and exhaustive inputs remain unestablished; configuration/metadata observations are not automatically consumed seeds.",Custodian/evidence-backed exhaustive seed manifest OR a proved usable finite superset for the required historical scope; original identities only if using identity-based recovery.,"PARTIAL_LOCAL_EVIDENCE_AVAILABLE; exhaustiveness not established; additional retained/backup evidence UNKNOWN. | REGISTERED_WORKSPACES_PRESENT; execution records not bound here; other histories UNKNOWN, not presumed nonexistent or lost. | 653 retained run identities and 377 artifact identities AVAILABLE; two selected older logs HTTP_410; alternate archives UNKNOWN; source reconstruction potentially recoverable."
DERIVED-151,nonliteral_seed_reference,UNRESOLVED,UNRESOLVED,BOUND_SOURCE_OBSERVATION; HISTORICAL_FAMILY_UNRESOLVED,,DEP-03 | DEP-04 | DEP-05,"Bound source/default and current inclusion observations retained. Actual historical executions, relevant generator variants and exhaustive inputs remain unestablished; configuration/metadata observations are not automatically consumed seeds.",Custodian/evidence-backed exhaustive seed manifest OR a proved usable finite superset for the required historical scope; original identities only if using identity-based recovery.,"PARTIAL_LOCAL_EVIDENCE_AVAILABLE; exhaustiveness not established; additional retained/backup evidence UNKNOWN. | REGISTERED_WORKSPACES_PRESENT; execution records not bound here; other histories UNKNOWN, not presumed nonexistent or lost. | 653 retained run identities and 377 artifact identities AVAILABLE; two selected older logs HTTP_410; alternate archives UNKNOWN; source reconstruction potentially recoverable."
DERIVED-152,nonliteral_seed_reference,UNRESOLVED,UNRESOLVED,BOUND_SOURCE_OBSERVATION; HISTORICAL_FAMILY_UNRESOLVED,,DEP-03 | DEP-04 | DEP-05,"Bound source/default and current inclusion observations retained. Actual historical executions, relevant generator variants and exhaustive inputs remain unestablished; configuration/metadata observations are not automatically consumed seeds.",Custodian/evidence-backed exhaustive seed manifest OR a proved usable finite superset for the required historical scope; original identities only if using identity-based recovery.,"PARTIAL_LOCAL_EVIDENCE_AVAILABLE; exhaustiveness not established; additional retained/backup evidence UNKNOWN. | REGISTERED_WORKSPACES_PRESENT; execution records not bound here; other histories UNKNOWN, not presumed nonexistent or lost. | 653 retained run identities and 377 artifact identities AVAILABLE; two selected older logs HTTP_410; alternate archives UNKNOWN; source reconstruction potentially recoverable."
DERIVED-153,nonliteral_seed_reference,UNRESOLVED,UNRESOLVED,BOUND_SOURCE_OBSERVATION; HISTORICAL_FAMILY_UNRESOLVED,,DEP-03 | DEP-04 | DEP-05,"Bound source/default and current inclusion observations retained. Actual historical executions, relevant generator variants and exhaustive inputs remain unestablished; configuration/metadata observations are not automatically consumed seeds.",Custodian/evidence-backed exhaustive seed manifest OR a proved usable finite superset for the required historical scope; original identities only if using identity-based recovery.,"PARTIAL_LOCAL_EVIDENCE_AVAILABLE; exhaustiveness not established; additional retained/backup evidence UNKNOWN. | REGISTERED_WORKSPACES_PRESENT; execution records not bound here; other histories UNKNOWN, not presumed nonexistent or lost. | 653 retained run identities and 377 artifact identities AVAILABLE; two selected older logs HTTP_410; alternate archives UNKNOWN; source reconstruction potentially recoverable."
DERIVED-154,nonliteral_seed_reference,UNRESOLVED,UNRESOLVED,BOUND_SOURCE_OBSERVATION; HISTORICAL_FAMILY_UNRESOLVED,,DEP-03 | DEP-04 | DEP-05,"Bound source/default and current inclusion observations retained. Actual historical executions, relevant generator variants and exhaustive inputs remain unestablished; configuration/metadata observations are not automatically consumed seeds.",Custodian/evidence-backed exhaustive seed manifest OR a proved usable finite superset for the required historical scope; original identities only if using identity-based recovery.,"PARTIAL_LOCAL_EVIDENCE_AVAILABLE; exhaustiveness not established; additional retained/backup evidence UNKNOWN. | REGISTERED_WORKSPACES_PRESENT; execution records not bound here; other histories UNKNOWN, not presumed nonexistent or lost. | 653 retained run identities and 377 artifact identities AVAILABLE; two selected older logs HTTP_410; alternate archives UNKNOWN; source reconstruction potentially recoverable."
DERIVED-155,nonliteral_seed_reference,UNRESOLVED,UNRESOLVED,BOUND_SOURCE_OBSERVATION; HISTORICAL_FAMILY_UNRESOLVED,,DEP-03 | DEP-04 | DEP-05,"Bound source/default and current inclusion observations retained. Actual historical executions, relevant generator variants and exhaustive inputs remain unestablished; configuration/metadata observations are not automatically consumed seeds.",Custodian/evidence-backed exhaustive seed manifest OR a proved usable finite superset for the required historical scope; original identities only if using identity-based recovery.,"PARTIAL_LOCAL_EVIDENCE_AVAILABLE; exhaustiveness not established; additional retained/backup evidence UNKNOWN. | REGISTERED_WORKSPACES_PRESENT; execution records not bound here; other histories UNKNOWN, not presumed nonexistent or lost. | 653 retained run identities and 377 artifact identities AVAILABLE; two selected older logs HTTP_410; alternate archives UNKNOWN; source reconstruction potentially recoverable."
DERIVED-156,nonliteral_seed_reference,UNRESOLVED,UNRESOLVED,BOUND_SOURCE_OBSERVATION; HISTORICAL_FAMILY_UNRESOLVED,,DEP-03 | DEP-04 | DEP-05,"Bound source/default and current inclusion observations retained. Actual historical executions, relevant generator variants and exhaustive inputs remain unestablished; configuration/metadata observations are not automatically consumed seeds.",Custodian/evidence-backed exhaustive seed manifest OR a proved usable finite superset for the required historical scope; original identities only if using identity-based recovery.,"PARTIAL_LOCAL_EVIDENCE_AVAILABLE; exhaustiveness not established; additional retained/backup evidence UNKNOWN. | REGISTERED_WORKSPACES_PRESENT; execution records not bound here; other histories UNKNOWN, not presumed nonexistent or lost. | 653 retained run identities and 377 artifact identities AVAILABLE; two selected older logs HTTP_410; alternate archives UNKNOWN; source reconstruction potentially recoverable."
DERIVED-157,nonliteral_seed_reference,UNRESOLVED,UNRESOLVED,BOUND_SOURCE_OBSERVATION; HISTORICAL_FAMILY_UNRESOLVED,,DEP-03 | DEP-04 | DEP-05,"Bound source/default and current inclusion observations retained. Actual historical executions, relevant generator variants and exhaustive inputs remain unestablished; configuration/metadata observations are not automatically consumed seeds.",Custodian/evidence-backed exhaustive seed manifest OR a proved usable finite superset for the required historical scope; original identities only if using identity-based recovery.,"PARTIAL_LOCAL_EVIDENCE_AVAILABLE; exhaustiveness not established; additional retained/backup evidence UNKNOWN. | REGISTERED_WORKSPACES_PRESENT; execution records not bound here; other histories UNKNOWN, not presumed nonexistent or lost. | 653 retained run identities and 377 artifact identities AVAILABLE; two selected older logs HTTP_410; alternate archives UNKNOWN; source reconstruction potentially recoverable."
DERIVED-158,nonliteral_seed_reference,UNRESOLVED,UNRESOLVED,NOT_A_MATCH_SEED_AT_BOUND_SITE,,DEP-03 | DEP-04 | DEP-05,No match-seed obligation at reviewed analysis-RNG site; no missing seed value asserted. Broader historical variants/execution scope is unestablished.,Custodian/evidence-backed exhaustive seed manifest OR a proved usable finite superset for the required historical scope; original identities only if using identity-based recovery.,"PARTIAL_LOCAL_EVIDENCE_AVAILABLE; exhaustiveness not established; additional retained/backup evidence UNKNOWN. | REGISTERED_WORKSPACES_PRESENT; execution records not bound here; other histories UNKNOWN, not presumed nonexistent or lost. | 653 retained run identities and 377 artifact identities AVAILABLE; two selected older logs HTTP_410; alternate archives UNKNOWN; source reconstruction potentially recoverable."
DEFAULT-001,harness_default,UNRESOLVED,UNRESOLVED,BOUND_SOURCE_OBSERVATION; HISTORICAL_FAMILY_UNRESOLVED,SEED-0012,DEP-03 | DEP-04 | DEP-05,"Bound source/default and current inclusion observations retained. Actual historical executions, relevant generator variants and exhaustive inputs remain unestablished; configuration/metadata observations are not automatically consumed seeds.",Custodian/evidence-backed exhaustive seed manifest OR a proved usable finite superset for the required historical scope; original identities only if using identity-based recovery.,"PARTIAL_LOCAL_EVIDENCE_AVAILABLE; exhaustiveness not established; additional retained/backup evidence UNKNOWN. | REGISTERED_WORKSPACES_PRESENT; execution records not bound here; other histories UNKNOWN, not presumed nonexistent or lost. | 653 retained run identities and 377 artifact identities AVAILABLE; two selected older logs HTTP_410; alternate archives UNKNOWN; source reconstruction potentially recoverable."
DEFAULT-002,harness_default,UNRESOLVED,UNRESOLVED,BOUND_SOURCE_OBSERVATION; HISTORICAL_FAMILY_UNRESOLVED,SEED-0012,DEP-03 | DEP-04 | DEP-05,"Bound source/default and current inclusion observations retained. Actual historical executions, relevant generator variants and exhaustive inputs remain unestablished; configuration/metadata observations are not automatically consumed seeds.",Custodian/evidence-backed exhaustive seed manifest OR a proved usable finite superset for the required historical scope; original identities only if using identity-based recovery.,"PARTIAL_LOCAL_EVIDENCE_AVAILABLE; exhaustiveness not established; additional retained/backup evidence UNKNOWN. | REGISTERED_WORKSPACES_PRESENT; execution records not bound here; other histories UNKNOWN, not presumed nonexistent or lost. | 653 retained run identities and 377 artifact identities AVAILABLE; two selected older logs HTTP_410; alternate archives UNKNOWN; source reconstruction potentially recoverable."
DEFAULT-003,harness_default,UNRESOLVED,UNRESOLVED,BOUND_SOURCE_OBSERVATION; HISTORICAL_FAMILY_UNRESOLVED,SEED-0067,DEP-03 | DEP-04 | DEP-05,"Bound source/default and current inclusion observations retained. Actual historical executions, relevant generator variants and exhaustive inputs remain unestablished; configuration/metadata observations are not automatically consumed seeds.",Custodian/evidence-backed exhaustive seed manifest OR a proved usable finite superset for the required historical scope; original identities only if using identity-based recovery.,"PARTIAL_LOCAL_EVIDENCE_AVAILABLE; exhaustiveness not established; additional retained/backup evidence UNKNOWN. | REGISTERED_WORKSPACES_PRESENT; execution records not bound here; other histories UNKNOWN, not presumed nonexistent or lost. | 653 retained run identities and 377 artifact identities AVAILABLE; two selected older logs HTTP_410; alternate archives UNKNOWN; source reconstruction potentially recoverable."
DEFAULT-004,harness_default,UNRESOLVED,UNRESOLVED,BOUND_SOURCE_OBSERVATION; HISTORICAL_FAMILY_UNRESOLVED,SEED-0008,DEP-03 | DEP-04 | DEP-05,"Bound source/default and current inclusion observations retained. Actual historical executions, relevant generator variants and exhaustive inputs remain unestablished; configuration/metadata observations are not automatically consumed seeds.",Custodian/evidence-backed exhaustive seed manifest OR a proved usable finite superset for the required historical scope; original identities only if using identity-based recovery.,"PARTIAL_LOCAL_EVIDENCE_AVAILABLE; exhaustiveness not established; additional retained/backup evidence UNKNOWN. | REGISTERED_WORKSPACES_PRESENT; execution records not bound here; other histories UNKNOWN, not presumed nonexistent or lost. | 653 retained run identities and 377 artifact identities AVAILABLE; two selected older logs HTTP_410; alternate archives UNKNOWN; source reconstruction potentially recoverable."
DEFAULT-005,harness_default,UNRESOLVED,UNRESOLVED,BOUND_SOURCE_OBSERVATION; HISTORICAL_FAMILY_UNRESOLVED,SEED-0006,DEP-03 | DEP-04 | DEP-05,"Bound source/default and current inclusion observations retained. Actual historical executions, relevant generator variants and exhaustive inputs remain unestablished; configuration/metadata observations are not automatically consumed seeds.",Custodian/evidence-backed exhaustive seed manifest OR a proved usable finite superset for the required historical scope; original identities only if using identity-based recovery.,"PARTIAL_LOCAL_EVIDENCE_AVAILABLE; exhaustiveness not established; additional retained/backup evidence UNKNOWN. | REGISTERED_WORKSPACES_PRESENT; execution records not bound here; other histories UNKNOWN, not presumed nonexistent or lost. | 653 retained run identities and 377 artifact identities AVAILABLE; two selected older logs HTTP_410; alternate archives UNKNOWN; source reconstruction potentially recoverable."
DEFAULT-006,harness_default,UNRESOLVED,UNRESOLVED,BOUND_SOURCE_OBSERVATION; HISTORICAL_FAMILY_UNRESOLVED,SEED-0002,DEP-03 | DEP-04 | DEP-05,"Bound source/default and current inclusion observations retained. Actual historical executions, relevant generator variants and exhaustive inputs remain unestablished; configuration/metadata observations are not automatically consumed seeds.",Custodian/evidence-backed exhaustive seed manifest OR a proved usable finite superset for the required historical scope; original identities only if using identity-based recovery.,"PARTIAL_LOCAL_EVIDENCE_AVAILABLE; exhaustiveness not established; additional retained/backup evidence UNKNOWN. | REGISTERED_WORKSPACES_PRESENT; execution records not bound here; other histories UNKNOWN, not presumed nonexistent or lost. | 653 retained run identities and 377 artifact identities AVAILABLE; two selected older logs HTTP_410; alternate archives UNKNOWN; source reconstruction potentially recoverable."
DEFAULT-007,harness_default,UNRESOLVED,UNRESOLVED,BOUND_SOURCE_OBSERVATION; HISTORICAL_FAMILY_UNRESOLVED,SEED-0069,DEP-03 | DEP-04 | DEP-05,"Bound source/default and current inclusion observations retained. Actual historical executions, relevant generator variants and exhaustive inputs remain unestablished; configuration/metadata observations are not automatically consumed seeds.",Custodian/evidence-backed exhaustive seed manifest OR a proved usable finite superset for the required historical scope; original identities only if using identity-based recovery.,"PARTIAL_LOCAL_EVIDENCE_AVAILABLE; exhaustiveness not established; additional retained/backup evidence UNKNOWN. | REGISTERED_WORKSPACES_PRESENT; execution records not bound here; other histories UNKNOWN, not presumed nonexistent or lost. | 653 retained run identities and 377 artifact identities AVAILABLE; two selected older logs HTTP_410; alternate archives UNKNOWN; source reconstruction potentially recoverable."
DEFAULT-008,harness_default,UNRESOLVED,UNRESOLVED,IDENTIFIED_RETAINED_EXECUTIONS_COVERED,SEED-0043,DEP-03 | DEP-04 | DEP-05,"Actual recorded seed of each identified retained instance is included. Remaining dependency is exhaustive historical family coverage, not recovery of those recorded values.",Custodian/evidence-backed exhaustive seed manifest OR a proved usable finite superset for the required historical scope; original identities only if using identity-based recovery.,"PARTIAL_LOCAL_EVIDENCE_AVAILABLE; exhaustiveness not established; additional retained/backup evidence UNKNOWN. | REGISTERED_WORKSPACES_PRESENT; execution records not bound here; other histories UNKNOWN, not presumed nonexistent or lost. | 653 retained run identities and 377 artifact identities AVAILABLE; two selected older logs HTTP_410; alternate archives UNKNOWN; source reconstruction potentially recoverable."
DEFAULT-009,harness_default,UNRESOLVED,UNRESOLVED,BOUND_SOURCE_OBSERVATION; HISTORICAL_FAMILY_UNRESOLVED,SEED-0067,DEP-03 | DEP-04 | DEP-05,"Bound source/default and current inclusion observations retained. Actual historical executions, relevant generator variants and exhaustive inputs remain unestablished; configuration/metadata observations are not automatically consumed seeds.",Custodian/evidence-backed exhaustive seed manifest OR a proved usable finite superset for the required historical scope; original identities only if using identity-based recovery.,"PARTIAL_LOCAL_EVIDENCE_AVAILABLE; exhaustiveness not established; additional retained/backup evidence UNKNOWN. | REGISTERED_WORKSPACES_PRESENT; execution records not bound here; other histories UNKNOWN, not presumed nonexistent or lost. | 653 retained run identities and 377 artifact identities AVAILABLE; two selected older logs HTTP_410; alternate archives UNKNOWN; source reconstruction potentially recoverable."
DEFAULT-010,harness_default,UNRESOLVED,UNRESOLVED,BOUND_SOURCE_OBSERVATION; HISTORICAL_FAMILY_UNRESOLVED,SEED-0037,DEP-03 | DEP-04 | DEP-05,"Bound source/default and current inclusion observations retained. Actual historical executions, relevant generator variants and exhaustive inputs remain unestablished; configuration/metadata observations are not automatically consumed seeds.",Custodian/evidence-backed exhaustive seed manifest OR a proved usable finite superset for the required historical scope; original identities only if using identity-based recovery.,"PARTIAL_LOCAL_EVIDENCE_AVAILABLE; exhaustiveness not established; additional retained/backup evidence UNKNOWN. | REGISTERED_WORKSPACES_PRESENT; execution records not bound here; other histories UNKNOWN, not presumed nonexistent or lost. | 653 retained run identities and 377 artifact identities AVAILABLE; two selected older logs HTTP_410; alternate archives UNKNOWN; source reconstruction potentially recoverable."
DEFAULT-011,harness_default,UNRESOLVED,UNRESOLVED,BOUND_SOURCE_OBSERVATION; HISTORICAL_FAMILY_UNRESOLVED,SEED-0037,DEP-03 | DEP-04 | DEP-05,"Bound source/default and current inclusion observations retained. Actual historical executions, relevant generator variants and exhaustive inputs remain unestablished; configuration/metadata observations are not automatically consumed seeds.",Custodian/evidence-backed exhaustive seed manifest OR a proved usable finite superset for the required historical scope; original identities only if using identity-based recovery.,"PARTIAL_LOCAL_EVIDENCE_AVAILABLE; exhaustiveness not established; additional retained/backup evidence UNKNOWN. | REGISTERED_WORKSPACES_PRESENT; execution records not bound here; other histories UNKNOWN, not presumed nonexistent or lost. | 653 retained run identities and 377 artifact identities AVAILABLE; two selected older logs HTTP_410; alternate archives UNKNOWN; source reconstruction potentially recoverable."
DEFAULT-012,harness_default,UNRESOLVED,UNRESOLVED,BOUND_SOURCE_OBSERVATION; HISTORICAL_FAMILY_UNRESOLVED,SEED-0037,DEP-03 | DEP-04 | DEP-05,"Bound source/default and current inclusion observations retained. Actual historical executions, relevant generator variants and exhaustive inputs remain unestablished; configuration/metadata observations are not automatically consumed seeds.",Custodian/evidence-backed exhaustive seed manifest OR a proved usable finite superset for the required historical scope; original identities only if using identity-based recovery.,"PARTIAL_LOCAL_EVIDENCE_AVAILABLE; exhaustiveness not established; additional retained/backup evidence UNKNOWN. | REGISTERED_WORKSPACES_PRESENT; execution records not bound here; other histories UNKNOWN, not presumed nonexistent or lost. | 653 retained run identities and 377 artifact identities AVAILABLE; two selected older logs HTTP_410; alternate archives UNKNOWN; source reconstruction potentially recoverable."
DEFAULT-013,harness_default,UNRESOLVED,UNRESOLVED,BOUND_SOURCE_OBSERVATION; HISTORICAL_FAMILY_UNRESOLVED,SEED-0037,DEP-03 | DEP-04 | DEP-05,"Bound source/default and current inclusion observations retained. Actual historical executions, relevant generator variants and exhaustive inputs remain unestablished; configuration/metadata observations are not automatically consumed seeds.",Custodian/evidence-backed exhaustive seed manifest OR a proved usable finite superset for the required historical scope; original identities only if using identity-based recovery.,"PARTIAL_LOCAL_EVIDENCE_AVAILABLE; exhaustiveness not established; additional retained/backup evidence UNKNOWN. | REGISTERED_WORKSPACES_PRESENT; execution records not bound here; other histories UNKNOWN, not presumed nonexistent or lost. | 653 retained run identities and 377 artifact identities AVAILABLE; two selected older logs HTTP_410; alternate archives UNKNOWN; source reconstruction potentially recoverable."
DEFAULT-014,harness_default,UNRESOLVED,UNRESOLVED,BOUND_SOURCE_OBSERVATION; HISTORICAL_FAMILY_UNRESOLVED,SEED-0018,DEP-03 | DEP-04 | DEP-05,"Bound source/default and current inclusion observations retained. Actual historical executions, relevant generator variants and exhaustive inputs remain unestablished; configuration/metadata observations are not automatically consumed seeds.",Custodian/evidence-backed exhaustive seed manifest OR a proved usable finite superset for the required historical scope; original identities only if using identity-based recovery.,"PARTIAL_LOCAL_EVIDENCE_AVAILABLE; exhaustiveness not established; additional retained/backup evidence UNKNOWN. | REGISTERED_WORKSPACES_PRESENT; execution records not bound here; other histories UNKNOWN, not presumed nonexistent or lost. | 653 retained run identities and 377 artifact identities AVAILABLE; two selected older logs HTTP_410; alternate archives UNKNOWN; source reconstruction potentially recoverable."
DEFAULT-015,harness_default,UNRESOLVED,UNRESOLVED,BOUND_SOURCE_OBSERVATION; HISTORICAL_FAMILY_UNRESOLVED,SEED-0012,DEP-03 | DEP-04 | DEP-05,"Bound source/default and current inclusion observations retained. Actual historical executions, relevant generator variants and exhaustive inputs remain unestablished; configuration/metadata observations are not automatically consumed seeds.",Custodian/evidence-backed exhaustive seed manifest OR a proved usable finite superset for the required historical scope; original identities only if using identity-based recovery.,"PARTIAL_LOCAL_EVIDENCE_AVAILABLE; exhaustiveness not established; additional retained/backup evidence UNKNOWN. | REGISTERED_WORKSPACES_PRESENT; execution records not bound here; other histories UNKNOWN, not presumed nonexistent or lost. | 653 retained run identities and 377 artifact identities AVAILABLE; two selected older logs HTTP_410; alternate archives UNKNOWN; source reconstruction potentially recoverable."
DEFAULT-016,harness_default,UNRESOLVED,UNRESOLVED,BOUND_SOURCE_OBSERVATION; HISTORICAL_FAMILY_UNRESOLVED,SEED-0012,DEP-03 | DEP-04 | DEP-05,"Bound source/default and current inclusion observations retained. Actual historical executions, relevant generator variants and exhaustive inputs remain unestablished; configuration/metadata observations are not automatically consumed seeds.",Custodian/evidence-backed exhaustive seed manifest OR a proved usable finite superset for the required historical scope; original identities only if using identity-based recovery.,"PARTIAL_LOCAL_EVIDENCE_AVAILABLE; exhaustiveness not established; additional retained/backup evidence UNKNOWN. | REGISTERED_WORKSPACES_PRESENT; execution records not bound here; other histories UNKNOWN, not presumed nonexistent or lost. | 653 retained run identities and 377 artifact identities AVAILABLE; two selected older logs HTTP_410; alternate archives UNKNOWN; source reconstruction potentially recoverable."
DEFAULT-017,harness_default,UNRESOLVED,UNRESOLVED,BOUND_SOURCE_OBSERVATION; HISTORICAL_FAMILY_UNRESOLVED,SEED-0012,DEP-03 | DEP-04 | DEP-05,"Bound source/default and current inclusion observations retained. Actual historical executions, relevant generator variants and exhaustive inputs remain unestablished; configuration/metadata observations are not automatically consumed seeds.",Custodian/evidence-backed exhaustive seed manifest OR a proved usable finite superset for the required historical scope; original identities only if using identity-based recovery.,"PARTIAL_LOCAL_EVIDENCE_AVAILABLE; exhaustiveness not established; additional retained/backup evidence UNKNOWN. | REGISTERED_WORKSPACES_PRESENT; execution records not bound here; other histories UNKNOWN, not presumed nonexistent or lost. | 653 retained run identities and 377 artifact identities AVAILABLE; two selected older logs HTTP_410; alternate archives UNKNOWN; source reconstruction potentially recoverable."
DEFAULT-018,harness_default,UNRESOLVED,UNRESOLVED,BOUND_SOURCE_OBSERVATION; HISTORICAL_FAMILY_UNRESOLVED,SEED-0069,DEP-03 | DEP-04 | DEP-05,"Bound source/default and current inclusion observations retained. Actual historical executions, relevant generator variants and exhaustive inputs remain unestablished; configuration/metadata observations are not automatically consumed seeds.",Custodian/evidence-backed exhaustive seed manifest OR a proved usable finite superset for the required historical scope; original identities only if using identity-based recovery.,"PARTIAL_LOCAL_EVIDENCE_AVAILABLE; exhaustiveness not established; additional retained/backup evidence UNKNOWN. | REGISTERED_WORKSPACES_PRESENT; execution records not bound here; other histories UNKNOWN, not presumed nonexistent or lost. | 653 retained run identities and 377 artifact identities AVAILABLE; two selected older logs HTTP_410; alternate archives UNKNOWN; source reconstruction potentially recoverable."
DEFAULT-019,harness_default,UNRESOLVED,UNRESOLVED,BOUND_SOURCE_OBSERVATION; HISTORICAL_FAMILY_UNRESOLVED,SEED-0037,DEP-03 | DEP-04 | DEP-05,"Bound source/default and current inclusion observations retained. Actual historical executions, relevant generator variants and exhaustive inputs remain unestablished; configuration/metadata observations are not automatically consumed seeds.",Custodian/evidence-backed exhaustive seed manifest OR a proved usable finite superset for the required historical scope; original identities only if using identity-based recovery.,"PARTIAL_LOCAL_EVIDENCE_AVAILABLE; exhaustiveness not established; additional retained/backup evidence UNKNOWN. | REGISTERED_WORKSPACES_PRESENT; execution records not bound here; other histories UNKNOWN, not presumed nonexistent or lost. | 653 retained run identities and 377 artifact identities AVAILABLE; two selected older logs HTTP_410; alternate archives UNKNOWN; source reconstruction potentially recoverable."
DEFAULT-020,harness_default,UNRESOLVED,UNRESOLVED,BOUND_SOURCE_OBSERVATION; HISTORICAL_FAMILY_UNRESOLVED,SEED-0008,DEP-03 | DEP-04 | DEP-05,"Bound source/default and current inclusion observations retained. Actual historical executions, relevant generator variants and exhaustive inputs remain unestablished; configuration/metadata observations are not automatically consumed seeds.",Custodian/evidence-backed exhaustive seed manifest OR a proved usable finite superset for the required historical scope; original identities only if using identity-based recovery.,"PARTIAL_LOCAL_EVIDENCE_AVAILABLE; exhaustiveness not established; additional retained/backup evidence UNKNOWN. | REGISTERED_WORKSPACES_PRESENT; execution records not bound here; other histories UNKNOWN, not presumed nonexistent or lost. | 653 retained run identities and 377 artifact identities AVAILABLE; two selected older logs HTTP_410; alternate archives UNKNOWN; source reconstruction potentially recoverable."
DEFAULT-021,harness_default,UNRESOLVED,UNRESOLVED,BOUND_SOURCE_OBSERVATION; HISTORICAL_FAMILY_UNRESOLVED,SEED-0008,DEP-03 | DEP-04 | DEP-05,"Bound source/default and current inclusion observations retained. Actual historical executions, relevant generator variants and exhaustive inputs remain unestablished; configuration/metadata observations are not automatically consumed seeds.",Custodian/evidence-backed exhaustive seed manifest OR a proved usable finite superset for the required historical scope; original identities only if using identity-based recovery.,"PARTIAL_LOCAL_EVIDENCE_AVAILABLE; exhaustiveness not established; additional retained/backup evidence UNKNOWN. | REGISTERED_WORKSPACES_PRESENT; execution records not bound here; other histories UNKNOWN, not presumed nonexistent or lost. | 653 retained run identities and 377 artifact identities AVAILABLE; two selected older logs HTTP_410; alternate archives UNKNOWN; source reconstruction potentially recoverable."
DEFAULT-022,harness_default,UNRESOLVED,UNRESOLVED,BOUND_SOURCE_OBSERVATION; HISTORICAL_FAMILY_UNRESOLVED,SEED-0067,DEP-03 | DEP-04 | DEP-05,"Bound source/default and current inclusion observations retained. Actual historical executions, relevant generator variants and exhaustive inputs remain unestablished; configuration/metadata observations are not automatically consumed seeds.",Custodian/evidence-backed exhaustive seed manifest OR a proved usable finite superset for the required historical scope; original identities only if using identity-based recovery.,"PARTIAL_LOCAL_EVIDENCE_AVAILABLE; exhaustiveness not established; additional retained/backup evidence UNKNOWN. | REGISTERED_WORKSPACES_PRESENT; execution records not bound here; other histories UNKNOWN, not presumed nonexistent or lost. | 653 retained run identities and 377 artifact identities AVAILABLE; two selected older logs HTTP_410; alternate archives UNKNOWN; source reconstruction potentially recoverable."
DEFAULT-023,harness_default,UNRESOLVED,UNRESOLVED,BOUND_SOURCE_OBSERVATION; HISTORICAL_FAMILY_UNRESOLVED,SEED-0067,DEP-03 | DEP-04 | DEP-05,"Bound source/default and current inclusion observations retained. Actual historical executions, relevant generator variants and exhaustive inputs remain unestablished; configuration/metadata observations are not automatically consumed seeds.",Custodian/evidence-backed exhaustive seed manifest OR a proved usable finite superset for the required historical scope; original identities only if using identity-based recovery.,"PARTIAL_LOCAL_EVIDENCE_AVAILABLE; exhaustiveness not established; additional retained/backup evidence UNKNOWN. | REGISTERED_WORKSPACES_PRESENT; execution records not bound here; other histories UNKNOWN, not presumed nonexistent or lost. | 653 retained run identities and 377 artifact identities AVAILABLE; two selected older logs HTTP_410; alternate archives UNKNOWN; source reconstruction potentially recoverable."
DEFAULT-024,harness_default,UNRESOLVED,UNRESOLVED,NOT_A_MATCH_SEED_AT_BOUND_SITE,SEED-0037,DEP-03 | DEP-04 | DEP-05,No match-seed obligation at reviewed analysis-RNG site; no missing seed value asserted. Broader historical variants/execution scope is unestablished.,Custodian/evidence-backed exhaustive seed manifest OR a proved usable finite superset for the required historical scope; original identities only if using identity-based recovery.,"PARTIAL_LOCAL_EVIDENCE_AVAILABLE; exhaustiveness not established; additional retained/backup evidence UNKNOWN. | REGISTERED_WORKSPACES_PRESENT; execution records not bound here; other histories UNKNOWN, not presumed nonexistent or lost. | 653 retained run identities and 377 artifact identities AVAILABLE; two selected older logs HTTP_410; alternate archives UNKNOWN; source reconstruction potentially recoverable."
DEFAULT-025,harness_default,UNRESOLVED,UNRESOLVED,NOT_A_MATCH_SEED_AT_BOUND_SITE,SEED-0037,DEP-03 | DEP-04 | DEP-05,No match-seed obligation at reviewed analysis-RNG site; no missing seed value asserted. Broader historical variants/execution scope is unestablished.,Custodian/evidence-backed exhaustive seed manifest OR a proved usable finite superset for the required historical scope; original identities only if using identity-based recovery.,"PARTIAL_LOCAL_EVIDENCE_AVAILABLE; exhaustiveness not established; additional retained/backup evidence UNKNOWN. | REGISTERED_WORKSPACES_PRESENT; execution records not bound here; other histories UNKNOWN, not presumed nonexistent or lost. | 653 retained run identities and 377 artifact identities AVAILABLE; two selected older logs HTTP_410; alternate archives UNKNOWN; source reconstruction potentially recoverable."
NO-SEED-AGGREGATE,additional_count_only_coverage_limit,UNRESOLVED,UNRESOLVED,CURRENT_IDENTITIES_RETAINED; ORIGINAL_MAPPING_UNPROVED,,DEP-02,"Original identities and execution-origin/seed coverage for 1,491 count-only no-seed records.",Custodian/evidence-backed exhaustive seed manifest OR a proved usable finite superset for the required historical scope; original identities only if using identity-based recovery.,NOT_RECORDED_IN_ORIGINAL_AUDIT; external copies UNKNOWN; current identities available but historical mapping unproved.
